feature	u	v	sig_level	power	estimated_sample_size
Cytoplasm_AreaShape_Compactness	9	17985	9.9009900990099e-05	0.8	1326.94521098789
Cytoplasm_AreaShape_FormFactor	9	17985	9.9009900990099e-05	0.8	489.531770286284
Cytoplasm_AreaShape_MajorAxisLength	9	17985	9.9009900990099e-05	0.8	581.053058719846
Cytoplasm_AreaShape_MinorAxisLength	9	17985	9.9009900990099e-05	0.8	564.011687359225
Cytoplasm_AreaShape_Orientation	9	17985	9.9009900990099e-05	0.8	416473.260741323
Cytoplasm_AreaShape_Zernike_0_0	9	17985	9.9009900990099e-05	0.8	1228.35388406464
Cytoplasm_AreaShape_Zernike_1_1	9	17985	9.9009900990099e-05	0.8	8284.77184384464
Cytoplasm_AreaShape_Zernike_2_0	9	17985	9.9009900990099e-05	0.8	616.55118226976
Cytoplasm_AreaShape_Zernike_2_2	9	17985	9.9009900990099e-05	0.8	3942.42946508394
Cytoplasm_AreaShape_Zernike_3_1	9	17985	9.9009900990099e-05	0.8	186844.029383064
Cytoplasm_AreaShape_Zernike_3_3	9	17985	9.9009900990099e-05	0.8	7783.19556279154
Cytoplasm_AreaShape_Zernike_4_0	9	17985	9.9009900990099e-05	0.8	4223.84815112629
Cytoplasm_AreaShape_Zernike_4_2	9	17985	9.9009900990099e-05	0.8	5605.44441831112
Cytoplasm_AreaShape_Zernike_4_4	9	17985	9.9009900990099e-05	0.8	4562.63660016846
Cytoplasm_AreaShape_Zernike_5_1	9	17985	9.9009900990099e-05	0.8	7013.88037649386
Cytoplasm_AreaShape_Zernike_5_3	9	17985	9.9009900990099e-05	0.8	15215.2448043348
Cytoplasm_AreaShape_Zernike_6_0	9	17985	9.9009900990099e-05	0.8	17682.932422854
Cytoplasm_AreaShape_Zernike_6_2	9	17985	9.9009900990099e-05	0.8	9523.38062502269
Cytoplasm_AreaShape_Zernike_6_4	9	17985	9.9009900990099e-05	0.8	8575.99476208675
Cytoplasm_AreaShape_Zernike_7_1	9	17985	9.9009900990099e-05	0.8	10614.4878384263
Cytoplasm_AreaShape_Zernike_7_3	9	17985	9.9009900990099e-05	0.8	55745.3466988009
Cytoplasm_AreaShape_Zernike_7_5	9	17985	9.9009900990099e-05	0.8	12221.6516845321
Cytoplasm_AreaShape_Zernike_8_0	9	17985	9.9009900990099e-05	0.8	9780.56243344657
Cytoplasm_AreaShape_Zernike_8_2	9	17985	9.9009900990099e-05	0.8	37941.4316235724
Cytoplasm_AreaShape_Zernike_8_4	9	17985	9.9009900990099e-05	0.8	21607.8798091576
Cytoplasm_AreaShape_Zernike_8_6	9	17985	9.9009900990099e-05	0.8	8222.45971416545
Cytoplasm_AreaShape_Zernike_9_1	9	17985	9.9009900990099e-05	0.8	3671.9889274011
Cytoplasm_AreaShape_Zernike_9_3	9	17985	9.9009900990099e-05	0.8	45511.5918969406
Cytoplasm_AreaShape_Zernike_9_5	9	17985	9.9009900990099e-05	0.8	76896.8355788296
Cytoplasm_Correlation_Correlation_Hoechst_Mitochondria	9	17985	9.9009900990099e-05	0.8	340.63269316383
Cytoplasm_Correlation_Correlation_Hoechst_PM	9	17985	9.9009900990099e-05	0.8	543.417022405623
Cytoplasm_Correlation_Correlation_Mitochondria_PM	9	17985	9.9009900990099e-05	0.8	438.365202361444
Cytoplasm_Correlation_RWC_Hoechst_ER	9	17985	9.9009900990099e-05	0.8	55653.4158873323
Cytoplasm_Correlation_RWC_Mitochondria_ER	9	17985	9.9009900990099e-05	0.8	2658.47494017728
Cytoplasm_Correlation_RWC_PM_ER	9	17985	9.9009900990099e-05	0.8	5469.27642663698
Cytoplasm_Granularity_1_ER	9	17985	9.9009900990099e-05	0.8	1879.76394985701
Cytoplasm_Granularity_1_Hoechst	9	17985	9.9009900990099e-05	0.8	1139.38539420044
Cytoplasm_Granularity_1_Mitochondria	9	17985	9.9009900990099e-05	0.8	553.906340758244
Cytoplasm_Granularity_1_PM	9	17985	9.9009900990099e-05	0.8	891.679811416276
Cytoplasm_Intensity_IntegratedIntensityEdge_Hoechst	9	17985	9.9009900990099e-05	0.8	224.366412779552
Cytoplasm_Intensity_IntegratedIntensity_Actin	9	17985	9.9009900990099e-05	0.8	148.496496961925
Cytoplasm_Intensity_IntegratedIntensity_Hoechst	9	17985	9.9009900990099e-05	0.8	953.247166168464
Cytoplasm_Intensity_IntegratedIntensity_Mitochondria	9	17985	9.9009900990099e-05	0.8	1030.36879402609
Cytoplasm_Intensity_LowerQuartileIntensity_ER	9	17985	9.9009900990099e-05	0.8	172.120648432378
Cytoplasm_Intensity_LowerQuartileIntensity_PM	9	17985	9.9009900990099e-05	0.8	229.669727878327
Cytoplasm_Intensity_MADIntensity_ER	9	17985	9.9009900990099e-05	0.8	97.5354206064464
Cytoplasm_Intensity_MADIntensity_Hoechst	9	17985	9.9009900990099e-05	0.8	553.201106173028
Cytoplasm_Intensity_MADIntensity_Mitochondria	9	17985	9.9009900990099e-05	0.8	747.25228704544
Cytoplasm_Intensity_MADIntensity_PM	9	17985	9.9009900990099e-05	0.8	270.692864255603
Cytoplasm_Intensity_MassDisplacement_Hoechst	9	17985	9.9009900990099e-05	0.8	7152.57539347992
Cytoplasm_Intensity_MassDisplacement_Mitochondria	9	17985	9.9009900990099e-05	0.8	2146.05188450144
Cytoplasm_Intensity_MaxIntensity_ER	9	17985	9.9009900990099e-05	0.8	148.34676574534
Cytoplasm_Intensity_MaxIntensity_Hoechst	9	17985	9.9009900990099e-05	0.8	2674.03993656105
Cytoplasm_Intensity_MaxIntensity_Mitochondria	9	17985	9.9009900990099e-05	0.8	32611.6675985127
Cytoplasm_Intensity_MaxIntensity_PM	9	17985	9.9009900990099e-05	0.8	3069.37757608657
Cytoplasm_Intensity_StdIntensityEdge_Hoechst	9	17985	9.9009900990099e-05	0.8	579.795586730105
Cytoplasm_Intensity_StdIntensityEdge_PM	9	17985	9.9009900990099e-05	0.8	2802.95998657773
Cytoplasm_Intensity_StdIntensity_Hoechst	9	17985	9.9009900990099e-05	0.8	757.851614461291
Cytoplasm_Intensity_StdIntensity_Mitochondria	9	17985	9.9009900990099e-05	0.8	5788.19184221892
Cytoplasm_RadialDistribution_FracAtD_Hoechst_1of4	9	17985	9.9009900990099e-05	0.8	6461.07621361648
Cytoplasm_RadialDistribution_FracAtD_Hoechst_2of4	9	17985	9.9009900990099e-05	0.8	4185.5237680429
Cytoplasm_RadialDistribution_FracAtD_Hoechst_3of4	9	17985	9.9009900990099e-05	0.8	2612.7566233689
Cytoplasm_RadialDistribution_FracAtD_Hoechst_4of4	9	17985	9.9009900990099e-05	0.8	2837.37550021792
Cytoplasm_RadialDistribution_FracAtD_Mitochondria_1of4	9	17985	9.9009900990099e-05	0.8	21010.7854615011
Cytoplasm_RadialDistribution_FracAtD_Mitochondria_3of4	9	17985	9.9009900990099e-05	0.8	12468.0913126272
Cytoplasm_RadialDistribution_FracAtD_Mitochondria_4of4	9	17985	9.9009900990099e-05	0.8	19029.6747828967
Cytoplasm_RadialDistribution_MeanFrac_Hoechst_1of4	9	17985	9.9009900990099e-05	0.8	3764.33048785357
Cytoplasm_RadialDistribution_MeanFrac_Hoechst_2of4	9	17985	9.9009900990099e-05	0.8	1943.91517711271
Cytoplasm_RadialDistribution_MeanFrac_Hoechst_3of4	9	17985	9.9009900990099e-05	0.8	1093.79926137474
Cytoplasm_RadialDistribution_MeanFrac_Hoechst_4of4	9	17985	9.9009900990099e-05	0.8	1624.34464707896
Cytoplasm_RadialDistribution_MeanFrac_PM_3of4	9	17985	9.9009900990099e-05	0.8	5234.77237788675
Cytoplasm_RadialDistribution_MeanFrac_PM_4of4	9	17985	9.9009900990099e-05	0.8	2700.22844703944
Cytoplasm_RadialDistribution_RadialCV_Actin_2of4	9	17985	9.9009900990099e-05	0.8	10837.8982691326
Cytoplasm_RadialDistribution_RadialCV_Actin_3of4	9	17985	9.9009900990099e-05	0.8	9176.86554349332
Cytoplasm_RadialDistribution_RadialCV_Actin_4of4	9	17985	9.9009900990099e-05	0.8	898.536131867489
Cytoplasm_RadialDistribution_RadialCV_ER_2of4	9	17985	9.9009900990099e-05	0.8	2870.60419296348
Cytoplasm_RadialDistribution_RadialCV_ER_3of4	9	17985	9.9009900990099e-05	0.8	918.586133463669
Cytoplasm_RadialDistribution_RadialCV_ER_4of4	9	17985	9.9009900990099e-05	0.8	850.301255294435
Cytoplasm_RadialDistribution_RadialCV_Hoechst_2of4	9	17985	9.9009900990099e-05	0.8	5144.38443809663
Cytoplasm_RadialDistribution_RadialCV_Hoechst_3of4	9	17985	9.9009900990099e-05	0.8	7320.28971987799
Cytoplasm_RadialDistribution_RadialCV_Hoechst_4of4	9	17985	9.9009900990099e-05	0.8	1992.12572962306
Cytoplasm_RadialDistribution_RadialCV_Mitochondria_2of4	9	17985	9.9009900990099e-05	0.8	290.436736221055
Cytoplasm_RadialDistribution_RadialCV_Mitochondria_3of4	9	17985	9.9009900990099e-05	0.8	166.626760804945
Cytoplasm_RadialDistribution_RadialCV_Mitochondria_4of4	9	17985	9.9009900990099e-05	0.8	224.554514065548
Cytoplasm_RadialDistribution_RadialCV_PM_2of4	9	17985	9.9009900990099e-05	0.8	1012.07303673184
Cytoplasm_RadialDistribution_RadialCV_PM_3of4	9	17985	9.9009900990099e-05	0.8	395.229052437606
Cytoplasm_RadialDistribution_RadialCV_PM_4of4	9	17985	9.9009900990099e-05	0.8	662.300798957924
Cytoplasm_Texture_AngularSecondMoment_ER_3_01_256	9	17985	9.9009900990099e-05	0.8	67.6381658916052
Cytoplasm_Texture_AngularSecondMoment_Hoechst_3_03_256	9	17985	9.9009900990099e-05	0.8	479.065823618277
Cytoplasm_Texture_AngularSecondMoment_Mitochondria_3_00_256	9	17985	9.9009900990099e-05	0.8	271.030793346752
Cytoplasm_Texture_AngularSecondMoment_Mitochondria_3_01_256	9	17985	9.9009900990099e-05	0.8	310.103172941341
Cytoplasm_Texture_AngularSecondMoment_Mitochondria_3_02_256	9	17985	9.9009900990099e-05	0.8	267.743445857583
Cytoplasm_Texture_AngularSecondMoment_Mitochondria_3_03_256	9	17985	9.9009900990099e-05	0.8	297.158455785897
Cytoplasm_Texture_AngularSecondMoment_PM_3_01_256	9	17985	9.9009900990099e-05	0.8	153.100147579913
Cytoplasm_Texture_Contrast_ER_3_00_256	9	17985	9.9009900990099e-05	0.8	256.603574902901
Cytoplasm_Texture_Contrast_ER_3_01_256	9	17985	9.9009900990099e-05	0.8	267.111878549354
Cytoplasm_Texture_Contrast_ER_3_02_256	9	17985	9.9009900990099e-05	0.8	207.305755085326
Cytoplasm_Texture_Contrast_ER_3_03_256	9	17985	9.9009900990099e-05	0.8	301.236251283827
Cytoplasm_Texture_Contrast_Hoechst_3_01_256	9	17985	9.9009900990099e-05	0.8	4376.13950957817
Cytoplasm_Texture_Contrast_Hoechst_3_03_256	9	17985	9.9009900990099e-05	0.8	3969.00776885263
Cytoplasm_Texture_Contrast_Mitochondria_3_00_256	9	17985	9.9009900990099e-05	0.8	15316.9426790688
Cytoplasm_Texture_Contrast_Mitochondria_3_01_256	9	17985	9.9009900990099e-05	0.8	14930.539141556
Cytoplasm_Texture_Contrast_Mitochondria_3_02_256	9	17985	9.9009900990099e-05	0.8	11129.0732140972
Cytoplasm_Texture_Contrast_Mitochondria_3_03_256	9	17985	9.9009900990099e-05	0.8	19939.0531108557
Cytoplasm_Texture_Contrast_PM_3_00_256	9	17985	9.9009900990099e-05	0.8	7854.72223648574
Cytoplasm_Texture_Contrast_PM_3_01_256	9	17985	9.9009900990099e-05	0.8	7880.85204664634
Cytoplasm_Texture_Contrast_PM_3_02_256	9	17985	9.9009900990099e-05	0.8	3746.2304046042
Cytoplasm_Texture_Contrast_PM_3_03_256	9	17985	9.9009900990099e-05	0.8	10189.7602462917
Cytoplasm_Texture_Correlation_Actin_3_00_256	9	17985	9.9009900990099e-05	0.8	139.637674329826
Cytoplasm_Texture_Correlation_Actin_3_01_256	9	17985	9.9009900990099e-05	0.8	164.908343535191
Cytoplasm_Texture_Correlation_Actin_3_02_256	9	17985	9.9009900990099e-05	0.8	136.083402861426
Cytoplasm_Texture_Correlation_Actin_3_03_256	9	17985	9.9009900990099e-05	0.8	163.531061449083
Cytoplasm_Texture_Correlation_ER_3_00_256	9	17985	9.9009900990099e-05	0.8	1121.84783401034
Cytoplasm_Texture_Correlation_ER_3_01_256	9	17985	9.9009900990099e-05	0.8	1080.76582453279
Cytoplasm_Texture_Correlation_ER_3_02_256	9	17985	9.9009900990099e-05	0.8	1047.91390815091
Cytoplasm_Texture_Correlation_ER_3_03_256	9	17985	9.9009900990099e-05	0.8	1014.05247667933
Cytoplasm_Texture_Correlation_Hoechst_3_00_256	9	17985	9.9009900990099e-05	0.8	14217.4719519819
Cytoplasm_Texture_Correlation_Hoechst_3_01_256	9	17985	9.9009900990099e-05	0.8	1725.20162800218
Cytoplasm_Texture_Correlation_Hoechst_3_02_256	9	17985	9.9009900990099e-05	0.8	10216.9766025289
Cytoplasm_Texture_Correlation_Hoechst_3_03_256	9	17985	9.9009900990099e-05	0.8	1480.39385428498
Cytoplasm_Texture_Correlation_Mitochondria_3_00_256	9	17985	9.9009900990099e-05	0.8	1723.6844695378
Cytoplasm_Texture_Correlation_Mitochondria_3_01_256	9	17985	9.9009900990099e-05	0.8	1402.98917275068
Cytoplasm_Texture_Correlation_Mitochondria_3_02_256	9	17985	9.9009900990099e-05	0.8	1814.73441827022
Cytoplasm_Texture_Correlation_Mitochondria_3_03_256	9	17985	9.9009900990099e-05	0.8	1497.51690345195
Cytoplasm_Texture_Correlation_PM_3_00_256	9	17985	9.9009900990099e-05	0.8	2645.20551207582
Cytoplasm_Texture_Correlation_PM_3_01_256	9	17985	9.9009900990099e-05	0.8	2092.18949168488
Cytoplasm_Texture_Correlation_PM_3_02_256	9	17985	9.9009900990099e-05	0.8	2696.0919340195
Cytoplasm_Texture_Correlation_PM_3_03_256	9	17985	9.9009900990099e-05	0.8	2218.52854460381
Cytoplasm_Texture_DifferenceEntropy_ER_3_00_256	9	17985	9.9009900990099e-05	0.8	71.7473339518173
Cytoplasm_Texture_DifferenceEntropy_Hoechst_3_01_256	9	17985	9.9009900990099e-05	0.8	798.299225649308
Cytoplasm_Texture_DifferenceEntropy_Mitochondria_3_00_256	9	17985	9.9009900990099e-05	0.8	343.228013242929
Cytoplasm_Texture_DifferenceEntropy_Mitochondria_3_02_256	9	17985	9.9009900990099e-05	0.8	346.970993437363
Cytoplasm_Texture_DifferenceEntropy_PM_3_01_256	9	17985	9.9009900990099e-05	0.8	213.523029281981
Cytoplasm_Texture_DifferenceEntropy_PM_3_03_256	9	17985	9.9009900990099e-05	0.8	211.401444136781
Cytoplasm_Texture_DifferenceVariance_Actin_3_03_256	9	17985	9.9009900990099e-05	0.8	39.1931111666173
Cytoplasm_Texture_DifferenceVariance_ER_3_01_256	9	17985	9.9009900990099e-05	0.8	69.7218333720419
Cytoplasm_Texture_DifferenceVariance_Hoechst_3_02_256	9	17985	9.9009900990099e-05	0.8	466.872488510212
Cytoplasm_Texture_DifferenceVariance_Mitochondria_3_03_256	9	17985	9.9009900990099e-05	0.8	629.541330500177
Cytoplasm_Texture_DifferenceVariance_PM_3_03_256	9	17985	9.9009900990099e-05	0.8	278.189073102596
Cytoplasm_Texture_InfoMeas1_ER_3_00_256	9	17985	9.9009900990099e-05	0.8	352.1762958786
Cytoplasm_Texture_InfoMeas1_ER_3_01_256	9	17985	9.9009900990099e-05	0.8	374.291397538212
Cytoplasm_Texture_InfoMeas1_ER_3_02_256	9	17985	9.9009900990099e-05	0.8	334.881527214423
Cytoplasm_Texture_InfoMeas1_ER_3_03_256	9	17985	9.9009900990099e-05	0.8	348.225932498468
Cytoplasm_Texture_InfoMeas1_Hoechst_3_00_256	9	17985	9.9009900990099e-05	0.8	2015.7147803929
Cytoplasm_Texture_InfoMeas1_Hoechst_3_01_256	9	17985	9.9009900990099e-05	0.8	560.403907570163
Cytoplasm_Texture_InfoMeas1_Hoechst_3_02_256	9	17985	9.9009900990099e-05	0.8	1885.46616071052
Cytoplasm_Texture_InfoMeas1_Hoechst_3_03_256	9	17985	9.9009900990099e-05	0.8	560.436558126264
Cytoplasm_Texture_InfoMeas1_Mitochondria_3_00_256	9	17985	9.9009900990099e-05	0.8	251.630243248311
Cytoplasm_Texture_InfoMeas1_Mitochondria_3_01_256	9	17985	9.9009900990099e-05	0.8	263.517902464949
Cytoplasm_Texture_InfoMeas1_Mitochondria_3_02_256	9	17985	9.9009900990099e-05	0.8	251.020788252774
Cytoplasm_Texture_InfoMeas1_Mitochondria_3_03_256	9	17985	9.9009900990099e-05	0.8	266.476300802865
Cytoplasm_Texture_InfoMeas1_PM_3_00_256	9	17985	9.9009900990099e-05	0.8	243.116721832085
Cytoplasm_Texture_InfoMeas1_PM_3_01_256	9	17985	9.9009900990099e-05	0.8	267.025479076765
Cytoplasm_Texture_InfoMeas1_PM_3_02_256	9	17985	9.9009900990099e-05	0.8	250.445631686404
Cytoplasm_Texture_InfoMeas1_PM_3_03_256	9	17985	9.9009900990099e-05	0.8	269.058368887416
Cytoplasm_Texture_InfoMeas2_ER_3_00_256	9	17985	9.9009900990099e-05	0.8	372.765417024335
Cytoplasm_Texture_InfoMeas2_ER_3_01_256	9	17985	9.9009900990099e-05	0.8	380.99637930344
Cytoplasm_Texture_InfoMeas2_ER_3_02_256	9	17985	9.9009900990099e-05	0.8	368.805956169862
Cytoplasm_Texture_InfoMeas2_ER_3_03_256	9	17985	9.9009900990099e-05	0.8	349.930428228604
Cytoplasm_Texture_InfoMeas2_Hoechst_3_00_256	9	17985	9.9009900990099e-05	0.8	2316.69418826756
Cytoplasm_Texture_InfoMeas2_Hoechst_3_01_256	9	17985	9.9009900990099e-05	0.8	672.942613604754
Cytoplasm_Texture_InfoMeas2_Hoechst_3_02_256	9	17985	9.9009900990099e-05	0.8	2330.95780373202
Cytoplasm_Texture_InfoMeas2_Hoechst_3_03_256	9	17985	9.9009900990099e-05	0.8	686.047134977092
Cytoplasm_Texture_InfoMeas2_Mitochondria_3_00_256	9	17985	9.9009900990099e-05	0.8	4964.27398120894
Cytoplasm_Texture_InfoMeas2_Mitochondria_3_01_256	9	17985	9.9009900990099e-05	0.8	3493.63081148382
Cytoplasm_Texture_InfoMeas2_Mitochondria_3_02_256	9	17985	9.9009900990099e-05	0.8	5272.92065162746
Cytoplasm_Texture_InfoMeas2_Mitochondria_3_03_256	9	17985	9.9009900990099e-05	0.8	3735.80655942719
Cytoplasm_Texture_InfoMeas2_PM_3_00_256	9	17985	9.9009900990099e-05	0.8	26946.9073821394
Cytoplasm_Texture_InfoMeas2_PM_3_01_256	9	17985	9.9009900990099e-05	0.8	10872.3162800648
Cytoplasm_Texture_InfoMeas2_PM_3_02_256	9	17985	9.9009900990099e-05	0.8	21732.6443870712
Cytoplasm_Texture_InfoMeas2_PM_3_03_256	9	17985	9.9009900990099e-05	0.8	10437.683520579
Cytoplasm_Texture_InverseDifferenceMoment_Actin_3_02_256	9	17985	9.9009900990099e-05	0.8	51.5323804862289
Cytoplasm_Texture_InverseDifferenceMoment_ER_3_00_256	9	17985	9.9009900990099e-05	0.8	68.4859906970398
Cytoplasm_Texture_InverseDifferenceMoment_Hoechst_3_02_256	9	17985	9.9009900990099e-05	0.8	1302.28493503745
Cytoplasm_Texture_InverseDifferenceMoment_Mitochondria_3_00_256	9	17985	9.9009900990099e-05	0.8	217.578606692696
Cytoplasm_Texture_InverseDifferenceMoment_Mitochondria_3_01_256	9	17985	9.9009900990099e-05	0.8	225.097487959238
Cytoplasm_Texture_InverseDifferenceMoment_Mitochondria_3_02_256	9	17985	9.9009900990099e-05	0.8	220.031087679518
Cytoplasm_Texture_InverseDifferenceMoment_Mitochondria_3_03_256	9	17985	9.9009900990099e-05	0.8	227.46216550987
Cytoplasm_Texture_InverseDifferenceMoment_PM_3_00_256	9	17985	9.9009900990099e-05	0.8	148.120996968419
Cytoplasm_Texture_InverseDifferenceMoment_PM_3_01_256	9	17985	9.9009900990099e-05	0.8	167.2239546118
Cytoplasm_Texture_InverseDifferenceMoment_PM_3_02_256	9	17985	9.9009900990099e-05	0.8	150.744340630089
Cytoplasm_Texture_InverseDifferenceMoment_PM_3_03_256	9	17985	9.9009900990099e-05	0.8	167.715473716153
Cytoplasm_Texture_SumEntropy_ER_3_03_256	9	17985	9.9009900990099e-05	0.8	68.3142289902553
Cytoplasm_Texture_SumEntropy_Mitochondria_3_03_256	9	17985	9.9009900990099e-05	0.8	488.027059292491
Cytoplasm_Texture_SumEntropy_PM_3_03_256	9	17985	9.9009900990099e-05	0.8	222.880457382183
Cytoplasm_Texture_SumVariance_ER_3_01_256	9	17985	9.9009900990099e-05	0.8	239.187086992815
Cytoplasm_Texture_SumVariance_Hoechst_3_02_256	9	17985	9.9009900990099e-05	0.8	12321.8564040129
Cytoplasm_Texture_SumVariance_Mitochondria_3_01_256	9	17985	9.9009900990099e-05	0.8	14609.0671738825
Cytoplasm_Texture_SumVariance_PM_3_02_256	9	17985	9.9009900990099e-05	0.8	9618.23120103596
Cells_AreaShape_BoundingBoxArea	9	17985	9.9009900990099e-05	0.8	538.720475897042
Cells_AreaShape_Compactness	9	17985	9.9009900990099e-05	0.8	10547.9079394263
Cells_AreaShape_Eccentricity	9	17985	9.9009900990099e-05	0.8	38691.4641021039
Cells_AreaShape_Extent	9	17985	9.9009900990099e-05	0.8	12748.5497338994
Cells_AreaShape_FormFactor	9	17985	9.9009900990099e-05	0.8	5490.89214466596
Cells_AreaShape_Orientation	9	17985	9.9009900990099e-05	0.8	479414.557374437
Cells_AreaShape_Perimeter	9	17985	9.9009900990099e-05	0.8	2248.96410395216
Cells_AreaShape_Solidity	9	17985	9.9009900990099e-05	0.8	13189.0543333896
Cells_AreaShape_Zernike_0_0	9	17985	9.9009900990099e-05	0.8	9770.72626272164
Cells_AreaShape_Zernike_1_1	9	17985	9.9009900990099e-05	0.8	75635.1497051561
Cells_AreaShape_Zernike_2_0	9	17985	9.9009900990099e-05	0.8	15235.1914850226
Cells_AreaShape_Zernike_2_2	9	17985	9.9009900990099e-05	0.8	28220.1948314297
Cells_AreaShape_Zernike_3_1	9	17985	9.9009900990099e-05	0.8	23460.535003747
Cells_AreaShape_Zernike_3_3	9	17985	9.9009900990099e-05	0.8	28686.2572834846
Cells_AreaShape_Zernike_4_0	9	17985	9.9009900990099e-05	0.8	11252.302935658
Cells_AreaShape_Zernike_4_2	9	17985	9.9009900990099e-05	0.8	7720.38941423589
Cells_AreaShape_Zernike_4_4	9	17985	9.9009900990099e-05	0.8	70326.8906133922
Cells_AreaShape_Zernike_5_1	9	17985	9.9009900990099e-05	0.8	248668.989604989
Cells_AreaShape_Zernike_5_3	9	17985	9.9009900990099e-05	0.8	18497.1768520387
Cells_AreaShape_Zernike_5_5	9	17985	9.9009900990099e-05	0.8	19983.7730039746
Cells_AreaShape_Zernike_6_0	9	17985	9.9009900990099e-05	0.8	178439.849076258
Cells_AreaShape_Zernike_6_2	9	17985	9.9009900990099e-05	0.8	18012.8187247018
Cells_AreaShape_Zernike_6_4	9	17985	9.9009900990099e-05	0.8	13381.6471367869
Cells_AreaShape_Zernike_6_6	9	17985	9.9009900990099e-05	0.8	15694.5339374814
Cells_AreaShape_Zernike_7_1	9	17985	9.9009900990099e-05	0.8	263188.641445888
Cells_AreaShape_Zernike_7_3	9	17985	9.9009900990099e-05	0.8	108061.638875593
Cells_AreaShape_Zernike_7_5	9	17985	9.9009900990099e-05	0.8	17213.8067357411
Cells_AreaShape_Zernike_7_7	9	17985	9.9009900990099e-05	0.8	34513.6034610528
Cells_AreaShape_Zernike_8_0	9	17985	9.9009900990099e-05	0.8	69519.5067257402
Cells_AreaShape_Zernike_8_2	9	17985	9.9009900990099e-05	0.8	32648.3605549475
Cells_AreaShape_Zernike_8_4	9	17985	9.9009900990099e-05	0.8	89246.1495121375
Cells_AreaShape_Zernike_8_6	9	17985	9.9009900990099e-05	0.8	13714.7136839816
Cells_AreaShape_Zernike_8_8	9	17985	9.9009900990099e-05	0.8	8949.50700480564
Cells_AreaShape_Zernike_9_1	9	17985	9.9009900990099e-05	0.8	2916544.33160964
Cells_AreaShape_Zernike_9_3	9	17985	9.9009900990099e-05	0.8	261391.978364697
Cells_AreaShape_Zernike_9_5	9	17985	9.9009900990099e-05	0.8	393549.568339195
Cells_AreaShape_Zernike_9_7	9	17985	9.9009900990099e-05	0.8	12043.0297224118
Cells_AreaShape_Zernike_9_9	9	17985	9.9009900990099e-05	0.8	16852.0655307166
Cells_Correlation_Correlation_Hoechst_Mitochondria	9	17985	9.9009900990099e-05	0.8	115.081276352128
Cells_Correlation_Correlation_Hoechst_PM	9	17985	9.9009900990099e-05	0.8	144.71137668408
Cells_Correlation_Correlation_Mitochondria_PM	9	17985	9.9009900990099e-05	0.8	310.080236749964
Cells_Correlation_RWC_Hoechst_ER	9	17985	9.9009900990099e-05	0.8	2752.58438552194
Cells_Correlation_RWC_Mitochondria_ER	9	17985	9.9009900990099e-05	0.8	6776.64073701381
Cells_Correlation_RWC_Mitochondria_PM	9	17985	9.9009900990099e-05	0.8	7683.6698606336
Cells_Correlation_RWC_PM_ER	9	17985	9.9009900990099e-05	0.8	4937.93045316617
Cells_Granularity_1_Hoechst	9	17985	9.9009900990099e-05	0.8	1297.63540641577
Cells_Granularity_2_Hoechst	9	17985	9.9009900990099e-05	0.8	3508.41791749076
Cells_Intensity_IntegratedIntensityEdge_Actin	9	17985	9.9009900990099e-05	0.8	79.5981865279725
Cells_Intensity_IntegratedIntensityEdge_ER	9	17985	9.9009900990099e-05	0.8	95.4162513061794
Cells_Intensity_IntegratedIntensityEdge_Hoechst	9	17985	9.9009900990099e-05	0.8	192.494879631869
Cells_Intensity_IntegratedIntensityEdge_Mitochondria	9	17985	9.9009900990099e-05	0.8	247.49137400628
Cells_Intensity_IntegratedIntensity_Hoechst	9	17985	9.9009900990099e-05	0.8	654.227761472213
Cells_Intensity_MADIntensity_Hoechst	9	17985	9.9009900990099e-05	0.8	622.119344685789
Cells_Intensity_MADIntensity_Mitochondria	9	17985	9.9009900990099e-05	0.8	2503.86901739635
Cells_Intensity_MADIntensity_PM	9	17985	9.9009900990099e-05	0.8	470.981153349886
Cells_Intensity_MassDisplacement_Hoechst	9	17985	9.9009900990099e-05	0.8	5361.77911605515
Cells_Intensity_MaxIntensityEdge_Actin	9	17985	9.9009900990099e-05	0.8	75.239140996167
Cells_Intensity_MaxIntensityEdge_ER	9	17985	9.9009900990099e-05	0.8	94.1961970702027
Cells_Intensity_MaxIntensityEdge_Hoechst	9	17985	9.9009900990099e-05	0.8	602.094463985106
Cells_Intensity_MaxIntensityEdge_Mitochondria	9	17985	9.9009900990099e-05	0.8	1265.40435603034
Cells_Intensity_MaxIntensityEdge_PM	9	17985	9.9009900990099e-05	0.8	549.924994333518
Cells_Intensity_MaxIntensity_Hoechst	9	17985	9.9009900990099e-05	0.8	2900.95866840847
Cells_Intensity_MedianIntensity_Hoechst	9	17985	9.9009900990099e-05	0.8	860.974915361963
Cells_Intensity_StdIntensityEdge_Hoechst	9	17985	9.9009900990099e-05	0.8	432.877088275721
Cells_Intensity_StdIntensityEdge_Mitochondria	9	17985	9.9009900990099e-05	0.8	1084.03560962982
Cells_Neighbors_AngleBetweenNeighbors_Adjacent	9	17985	9.9009900990099e-05	0.8	20585.5200779471
Cells_Neighbors_FirstClosestDistance_Adjacent	9	17985	9.9009900990099e-05	0.8	319.299511632827
Cells_Neighbors_PercentTouching_Adjacent	9	17985	9.9009900990099e-05	0.8	20950.7434224362
Cells_Neighbors_SecondClosestDistance_Adjacent	9	17985	9.9009900990099e-05	0.8	229.827559570018
Cells_RadialDistribution_FracAtD_Hoechst_1of4	9	17985	9.9009900990099e-05	0.8	1949.65818840927
Cells_RadialDistribution_FracAtD_Hoechst_2of4	9	17985	9.9009900990099e-05	0.8	1591.11624205204
Cells_RadialDistribution_FracAtD_Hoechst_3of4	9	17985	9.9009900990099e-05	0.8	10461.6730410035
Cells_RadialDistribution_FracAtD_PM_1of4	9	17985	9.9009900990099e-05	0.8	380.160184686505
Cells_RadialDistribution_FracAtD_PM_3of4	9	17985	9.9009900990099e-05	0.8	1193.58019343157
Cells_RadialDistribution_FracAtD_PM_4of4	9	17985	9.9009900990099e-05	0.8	466.444648762032
Cells_RadialDistribution_MeanFrac_Hoechst_1of4	9	17985	9.9009900990099e-05	0.8	2069.17199760903
Cells_RadialDistribution_MeanFrac_Hoechst_2of4	9	17985	9.9009900990099e-05	0.8	1915.73838270087
Cells_RadialDistribution_MeanFrac_Hoechst_3of4	9	17985	9.9009900990099e-05	0.8	8382.16887698523
Cells_RadialDistribution_MeanFrac_Hoechst_4of4	9	17985	9.9009900990099e-05	0.8	886.519955549348
Cells_RadialDistribution_MeanFrac_Mitochondria_1of4	9	17985	9.9009900990099e-05	0.8	233.577844488108
Cells_RadialDistribution_MeanFrac_Mitochondria_3of4	9	17985	9.9009900990099e-05	0.8	580.58091803988
Cells_RadialDistribution_MeanFrac_Mitochondria_4of4	9	17985	9.9009900990099e-05	0.8	139.738205633655
Cells_RadialDistribution_MeanFrac_PM_2of4	9	17985	9.9009900990099e-05	0.8	358.05512818474
Cells_RadialDistribution_MeanFrac_PM_3of4	9	17985	9.9009900990099e-05	0.8	1895.44347714162
Cells_RadialDistribution_MeanFrac_PM_4of4	9	17985	9.9009900990099e-05	0.8	181.516910732205
Cells_RadialDistribution_RadialCV_Actin_1of4	9	17985	9.9009900990099e-05	0.8	1528.62662998092
Cells_RadialDistribution_RadialCV_Actin_2of4	9	17985	9.9009900990099e-05	0.8	783.745451618043
Cells_RadialDistribution_RadialCV_Actin_3of4	9	17985	9.9009900990099e-05	0.8	641.318518840031
Cells_RadialDistribution_RadialCV_Actin_4of4	9	17985	9.9009900990099e-05	0.8	525.574101530318
Cells_RadialDistribution_RadialCV_ER_1of4	9	17985	9.9009900990099e-05	0.8	3840.45784939119
Cells_RadialDistribution_RadialCV_ER_2of4	9	17985	9.9009900990099e-05	0.8	9378.27226127016
Cells_RadialDistribution_RadialCV_ER_3of4	9	17985	9.9009900990099e-05	0.8	2866.73916550184
Cells_RadialDistribution_RadialCV_ER_4of4	9	17985	9.9009900990099e-05	0.8	1220.44549399725
Cells_RadialDistribution_RadialCV_Hoechst_1of4	9	17985	9.9009900990099e-05	0.8	1068.88702471584
Cells_RadialDistribution_RadialCV_Hoechst_2of4	9	17985	9.9009900990099e-05	0.8	528.439027812839
Cells_RadialDistribution_RadialCV_Hoechst_3of4	9	17985	9.9009900990099e-05	0.8	687.85987683737
Cells_RadialDistribution_RadialCV_Hoechst_4of4	9	17985	9.9009900990099e-05	0.8	4696.71271471073
Cells_RadialDistribution_RadialCV_Mitochondria_1of4	9	17985	9.9009900990099e-05	0.8	2109.68268775739
Cells_RadialDistribution_RadialCV_Mitochondria_2of4	9	17985	9.9009900990099e-05	0.8	479.146080470387
Cells_RadialDistribution_RadialCV_Mitochondria_3of4	9	17985	9.9009900990099e-05	0.8	247.402294540214
Cells_RadialDistribution_RadialCV_Mitochondria_4of4	9	17985	9.9009900990099e-05	0.8	346.540345842972
Cells_RadialDistribution_RadialCV_PM_1of4	9	17985	9.9009900990099e-05	0.8	740.849916415816
Cells_RadialDistribution_RadialCV_PM_2of4	9	17985	9.9009900990099e-05	0.8	266.835277526311
Cells_RadialDistribution_RadialCV_PM_3of4	9	17985	9.9009900990099e-05	0.8	217.583975940971
Cells_RadialDistribution_RadialCV_PM_4of4	9	17985	9.9009900990099e-05	0.8	735.497894698875
Cells_Texture_AngularSecondMoment_Hoechst_3_03_256	9	17985	9.9009900990099e-05	0.8	965.765027051221
Cells_Texture_AngularSecondMoment_Mitochondria_3_03_256	9	17985	9.9009900990099e-05	0.8	603.431405971387
Cells_Texture_AngularSecondMoment_PM_3_03_256	9	17985	9.9009900990099e-05	0.8	205.591275374572
Cells_Texture_Contrast_Hoechst_3_00_256	9	17985	9.9009900990099e-05	0.8	2780.22980892333
Cells_Texture_Contrast_Mitochondria_3_03_256	9	17985	9.9009900990099e-05	0.8	20305.6718310578
Cells_Texture_Contrast_PM_3_03_256	9	17985	9.9009900990099e-05	0.8	9369.55732218774
Cells_Texture_Correlation_ER_3_01_256	9	17985	9.9009900990099e-05	0.8	399.755672873827
Cells_Texture_Correlation_ER_3_03_256	9	17985	9.9009900990099e-05	0.8	387.692084686435
Cells_Texture_Correlation_Hoechst_3_00_256	9	17985	9.9009900990099e-05	0.8	14304.9267175327
Cells_Texture_Correlation_Mitochondria_3_01_256	9	17985	9.9009900990099e-05	0.8	638.525617332139
Cells_Texture_Correlation_Mitochondria_3_03_256	9	17985	9.9009900990099e-05	0.8	671.362370757477
Cells_Texture_Correlation_PM_3_01_256	9	17985	9.9009900990099e-05	0.8	634.971860256631
Cells_Texture_DifferenceEntropy_Hoechst_3_03_256	9	17985	9.9009900990099e-05	0.8	629.764176739448
Cells_Texture_DifferenceVariance_Hoechst_3_03_256	9	17985	9.9009900990099e-05	0.8	866.813323995645
Cells_Texture_InfoMeas1_ER_3_01_256	9	17985	9.9009900990099e-05	0.8	266.162367922959
Cells_Texture_InfoMeas1_ER_3_03_256	9	17985	9.9009900990099e-05	0.8	255.117159466164
Cells_Texture_InfoMeas1_Hoechst_3_02_256	9	17985	9.9009900990099e-05	0.8	1143.88148064931
Cells_Texture_InfoMeas1_Mitochondria_3_00_256	9	17985	9.9009900990099e-05	0.8	162.978435649114
Cells_Texture_InfoMeas1_Mitochondria_3_01_256	9	17985	9.9009900990099e-05	0.8	160.553444667315
Cells_Texture_InfoMeas1_Mitochondria_3_02_256	9	17985	9.9009900990099e-05	0.8	162.540529531484
Cells_Texture_InfoMeas1_Mitochondria_3_03_256	9	17985	9.9009900990099e-05	0.8	163.246767413943
Cells_Texture_InfoMeas1_PM_3_02_256	9	17985	9.9009900990099e-05	0.8	162.231166933509
Cells_Texture_InfoMeas2_Hoechst_3_02_256	9	17985	9.9009900990099e-05	0.8	31087.8583388767
Cells_Texture_InverseDifferenceMoment_Hoechst_3_03_256	9	17985	9.9009900990099e-05	0.8	1089.87617507614
Cells_Texture_InverseDifferenceMoment_Mitochondria_3_01_256	9	17985	9.9009900990099e-05	0.8	243.875722691231
Cells_Texture_SumAverage_Hoechst_3_01_256	9	17985	9.9009900990099e-05	0.8	1049.83991068803
Cells_Texture_SumEntropy_Hoechst_3_03_256	9	17985	9.9009900990099e-05	0.8	974.880793168748
Cells_Texture_SumVariance_ER_3_01_256	9	17985	9.9009900990099e-05	0.8	344.146075800912
Cells_Texture_SumVariance_Mitochondria_3_01_256	9	17985	9.9009900990099e-05	0.8	10592.9409454608
Cells_Texture_SumVariance_PM_3_01_256	9	17985	9.9009900990099e-05	0.8	1098755.79131675
Cells_Texture_Variance_Hoechst_3_00_256	9	17985	9.9009900990099e-05	0.8	1765.69624408091
Nuclei_AreaShape_Area	9	17985	9.9009900990099e-05	0.8	383.99932710008
Nuclei_AreaShape_Compactness	9	17985	9.9009900990099e-05	0.8	3186.50835812855
Nuclei_AreaShape_Extent	9	17985	9.9009900990099e-05	0.8	3108.69571679289
Nuclei_AreaShape_FormFactor	9	17985	9.9009900990099e-05	0.8	1867.16596960489
Nuclei_AreaShape_Orientation	9	17985	9.9009900990099e-05	0.8	60850.023784676
Nuclei_AreaShape_Solidity	9	17985	9.9009900990099e-05	0.8	2933.18837319304
Nuclei_AreaShape_Zernike_0_0	9	17985	9.9009900990099e-05	0.8	11814.2275477076
Nuclei_AreaShape_Zernike_1_1	9	17985	9.9009900990099e-05	0.8	2737.71549476447
Nuclei_AreaShape_Zernike_2_0	9	17985	9.9009900990099e-05	0.8	52396.4051665454
Nuclei_AreaShape_Zernike_2_2	9	17985	9.9009900990099e-05	0.8	3956.29484821743
Nuclei_AreaShape_Zernike_3_1	9	17985	9.9009900990099e-05	0.8	2575.88503752861
Nuclei_AreaShape_Zernike_3_3	9	17985	9.9009900990099e-05	0.8	2867.62985428373
Nuclei_AreaShape_Zernike_4_0	9	17985	9.9009900990099e-05	0.8	12957.2003983584
Nuclei_AreaShape_Zernike_4_2	9	17985	9.9009900990099e-05	0.8	12368.4714902327
Nuclei_AreaShape_Zernike_4_4	9	17985	9.9009900990099e-05	0.8	13833.5340245123
Nuclei_AreaShape_Zernike_5_1	9	17985	9.9009900990099e-05	0.8	4553.95018046067
Nuclei_AreaShape_Zernike_5_3	9	17985	9.9009900990099e-05	0.8	3532.02818490479
Nuclei_AreaShape_Zernike_5_5	9	17985	9.9009900990099e-05	0.8	1977.28511203652
Nuclei_AreaShape_Zernike_6_0	9	17985	9.9009900990099e-05	0.8	17388.8235033385
Nuclei_AreaShape_Zernike_6_2	9	17985	9.9009900990099e-05	0.8	7549.4635785783
Nuclei_AreaShape_Zernike_6_4	9	17985	9.9009900990099e-05	0.8	2271.46233155785
Nuclei_AreaShape_Zernike_6_6	9	17985	9.9009900990099e-05	0.8	2771.81471626413
Nuclei_AreaShape_Zernike_7_1	9	17985	9.9009900990099e-05	0.8	4152.48667377193
Nuclei_AreaShape_Zernike_7_3	9	17985	9.9009900990099e-05	0.8	3458.91073090661
Nuclei_AreaShape_Zernike_7_5	9	17985	9.9009900990099e-05	0.8	4320.55732120817
Nuclei_AreaShape_Zernike_7_7	9	17985	9.9009900990099e-05	0.8	2047.02716213657
Nuclei_AreaShape_Zernike_8_0	9	17985	9.9009900990099e-05	0.8	46517.542269492
Nuclei_AreaShape_Zernike_8_2	9	17985	9.9009900990099e-05	0.8	11304.7209360221
Nuclei_AreaShape_Zernike_8_4	9	17985	9.9009900990099e-05	0.8	115385.702534277
Nuclei_AreaShape_Zernike_8_6	9	17985	9.9009900990099e-05	0.8	3108.30747525919
Nuclei_AreaShape_Zernike_8_8	9	17985	9.9009900990099e-05	0.8	1758.03780658004
Nuclei_AreaShape_Zernike_9_1	9	17985	9.9009900990099e-05	0.8	7069.53563154138
Nuclei_AreaShape_Zernike_9_3	9	17985	9.9009900990099e-05	0.8	8396.57230111428
Nuclei_AreaShape_Zernike_9_5	9	17985	9.9009900990099e-05	0.8	4380.8894491906
Nuclei_AreaShape_Zernike_9_7	9	17985	9.9009900990099e-05	0.8	3906.15746794756
Nuclei_AreaShape_Zernike_9_9	9	17985	9.9009900990099e-05	0.8	2436.98976199175
Nuclei_Correlation_Correlation_Hoechst_Mitochondria	9	17985	9.9009900990099e-05	0.8	382.921461418772
Nuclei_Correlation_Correlation_Hoechst_PM	9	17985	9.9009900990099e-05	0.8	145.900988240587
Nuclei_Correlation_Correlation_Mitochondria_PM	9	17985	9.9009900990099e-05	0.8	18025.2777370843
Nuclei_Correlation_K_Hoechst_Actin	9	17985	9.9009900990099e-05	0.8	82.8885587025257
Nuclei_Correlation_K_Hoechst_ER	9	17985	9.9009900990099e-05	0.8	249.629261545722
Nuclei_Correlation_K_Hoechst_Mitochondria	9	17985	9.9009900990099e-05	0.8	2855.14928572356
Nuclei_Correlation_K_Hoechst_PM	9	17985	9.9009900990099e-05	0.8	869.116297420063
Nuclei_Correlation_K_Mitochondria_Hoechst	9	17985	9.9009900990099e-05	0.8	1329.04630559094
Nuclei_Correlation_K_PM_Hoechst	9	17985	9.9009900990099e-05	0.8	500.709660811646
Nuclei_Correlation_Overlap_Hoechst_Mitochondria	9	17985	9.9009900990099e-05	0.8	511.823875364991
Nuclei_Correlation_Overlap_Hoechst_PM	9	17985	9.9009900990099e-05	0.8	712.509016118949
Nuclei_Correlation_RWC_Hoechst_Actin	9	17985	9.9009900990099e-05	0.8	739.644920592408
Nuclei_Correlation_RWC_Hoechst_ER	9	17985	9.9009900990099e-05	0.8	2833.63471102807
Nuclei_Correlation_RWC_Hoechst_Mitochondria	9	17985	9.9009900990099e-05	0.8	2762.99239238953
Nuclei_Correlation_RWC_Hoechst_PM	9	17985	9.9009900990099e-05	0.8	711.81643500381
Nuclei_Correlation_RWC_Mitochondria_Actin	9	17985	9.9009900990099e-05	0.8	2127.94585494474
Nuclei_Correlation_RWC_Mitochondria_PM	9	17985	9.9009900990099e-05	0.8	2232.30477973531
Nuclei_Correlation_RWC_PM_ER	9	17985	9.9009900990099e-05	0.8	4629.03712604879
Nuclei_Correlation_RWC_PM_Mitochondria	9	17985	9.9009900990099e-05	0.8	2262.30541760525
Nuclei_Granularity_1_Actin	9	17985	9.9009900990099e-05	0.8	2279.61066545282
Nuclei_Granularity_1_ER	9	17985	9.9009900990099e-05	0.8	3466.58873946072
Nuclei_Granularity_1_Hoechst	9	17985	9.9009900990099e-05	0.8	1066.05942816188
Nuclei_Granularity_1_Mitochondria	9	17985	9.9009900990099e-05	0.8	414.986776057712
Nuclei_Intensity_IntegratedIntensityEdge_Hoechst	9	17985	9.9009900990099e-05	0.8	275.29322475114
Nuclei_Intensity_IntegratedIntensity_Actin	9	17985	9.9009900990099e-05	0.8	129.333199159861
Nuclei_Intensity_IntegratedIntensity_Hoechst	9	17985	9.9009900990099e-05	0.8	710.032741365557
Nuclei_Intensity_IntegratedIntensity_Mitochondria	9	17985	9.9009900990099e-05	0.8	3775.44189512228
Nuclei_Intensity_LowerQuartileIntensity_Hoechst	9	17985	9.9009900990099e-05	0.8	514.557877692672
Nuclei_Intensity_MADIntensity_Actin	9	17985	9.9009900990099e-05	0.8	80.5639060828322
Nuclei_Intensity_MADIntensity_ER	9	17985	9.9009900990099e-05	0.8	129.84274727948
Nuclei_Intensity_MADIntensity_Hoechst	9	17985	9.9009900990099e-05	0.8	2022.24118484763
Nuclei_Intensity_MADIntensity_Mitochondria	9	17985	9.9009900990099e-05	0.8	2370.6868776332
Nuclei_Intensity_MADIntensity_PM	9	17985	9.9009900990099e-05	0.8	2000.53136691479
Nuclei_Intensity_MassDisplacement_Hoechst	9	17985	9.9009900990099e-05	0.8	1653.40880787367
Nuclei_Intensity_MassDisplacement_Mitochondria	9	17985	9.9009900990099e-05	0.8	811.706975729
Nuclei_Intensity_MassDisplacement_PM	9	17985	9.9009900990099e-05	0.8	790.359703871612
Nuclei_Intensity_MaxIntensity_PM	9	17985	9.9009900990099e-05	0.8	2131.14536262654
Nuclei_Intensity_MeanIntensityEdge_Hoechst	9	17985	9.9009900990099e-05	0.8	260.233808804376
Nuclei_Intensity_MinIntensityEdge_ER	9	17985	9.9009900990099e-05	0.8	415.212044385402
Nuclei_Intensity_MinIntensity_Mitochondria	9	17985	9.9009900990099e-05	0.8	4381.21161808987
Nuclei_Intensity_MinIntensity_PM	9	17985	9.9009900990099e-05	0.8	3060.01459763164
Nuclei_Intensity_StdIntensityEdge_Actin	9	17985	9.9009900990099e-05	0.8	77.1910894241825
Nuclei_Intensity_StdIntensityEdge_ER	9	17985	9.9009900990099e-05	0.8	147.855053196441
Nuclei_Intensity_StdIntensityEdge_Hoechst	9	17985	9.9009900990099e-05	0.8	1433.93455438848
Nuclei_Intensity_StdIntensityEdge_Mitochondria	9	17985	9.9009900990099e-05	0.8	70749.8354333975
Nuclei_Intensity_StdIntensityEdge_PM	9	17985	9.9009900990099e-05	0.8	2322.53659839116
Nuclei_Intensity_StdIntensity_PM	9	17985	9.9009900990099e-05	0.8	4227.05217130138
Nuclei_Neighbors_FirstClosestDistance_Adjacent	9	17985	9.9009900990099e-05	0.8	538.421555274473
Nuclei_RadialDistribution_FracAtD_Hoechst_1of4	9	17985	9.9009900990099e-05	0.8	1071.97739458557
Nuclei_RadialDistribution_FracAtD_Hoechst_2of4	9	17985	9.9009900990099e-05	0.8	967.448373287989
Nuclei_RadialDistribution_FracAtD_Hoechst_3of4	9	17985	9.9009900990099e-05	0.8	5302.83676232551
Nuclei_RadialDistribution_FracAtD_Hoechst_4of4	9	17985	9.9009900990099e-05	0.8	1185.36746663547
Nuclei_RadialDistribution_FracAtD_Mitochondria_1of4	9	17985	9.9009900990099e-05	0.8	394.532679382493
Nuclei_RadialDistribution_FracAtD_Mitochondria_2of4	9	17985	9.9009900990099e-05	0.8	289.75347625203
Nuclei_RadialDistribution_FracAtD_Mitochondria_3of4	9	17985	9.9009900990099e-05	0.8	613.313100634602
Nuclei_RadialDistribution_FracAtD_Mitochondria_4of4	9	17985	9.9009900990099e-05	0.8	278.833324611577
Nuclei_RadialDistribution_FracAtD_PM_1of4	9	17985	9.9009900990099e-05	0.8	712.667343757822
Nuclei_RadialDistribution_FracAtD_PM_2of4	9	17985	9.9009900990099e-05	0.8	403.231579729574
Nuclei_RadialDistribution_FracAtD_PM_3of4	9	17985	9.9009900990099e-05	0.8	369.161636514208
Nuclei_RadialDistribution_FracAtD_PM_4of4	9	17985	9.9009900990099e-05	0.8	304.629961919306
Nuclei_RadialDistribution_MeanFrac_Hoechst_1of4	9	17985	9.9009900990099e-05	0.8	1301.22293691095
Nuclei_RadialDistribution_MeanFrac_Hoechst_2of4	9	17985	9.9009900990099e-05	0.8	1333.50167609332
Nuclei_RadialDistribution_MeanFrac_Hoechst_3of4	9	17985	9.9009900990099e-05	0.8	24376.6569538363
Nuclei_RadialDistribution_MeanFrac_Mitochondria_1of4	9	17985	9.9009900990099e-05	0.8	343.485019829803
Nuclei_RadialDistribution_MeanFrac_Mitochondria_2of4	9	17985	9.9009900990099e-05	0.8	311.309605296193
Nuclei_RadialDistribution_MeanFrac_Mitochondria_3of4	9	17985	9.9009900990099e-05	0.8	822.604235788949
Nuclei_RadialDistribution_MeanFrac_Mitochondria_4of4	9	17985	9.9009900990099e-05	0.8	292.825815157109
Nuclei_RadialDistribution_MeanFrac_PM_1of4	9	17985	9.9009900990099e-05	0.8	528.189473628909
Nuclei_RadialDistribution_MeanFrac_PM_2of4	9	17985	9.9009900990099e-05	0.8	377.672182418509
Nuclei_RadialDistribution_MeanFrac_PM_3of4	9	17985	9.9009900990099e-05	0.8	363.002259553596
Nuclei_RadialDistribution_MeanFrac_PM_4of4	9	17985	9.9009900990099e-05	0.8	256.507210923165
Nuclei_RadialDistribution_RadialCV_Actin_1of4	9	17985	9.9009900990099e-05	0.8	1251.14963992688
Nuclei_RadialDistribution_RadialCV_Actin_2of4	9	17985	9.9009900990099e-05	0.8	498.423697707074
Nuclei_RadialDistribution_RadialCV_Actin_3of4	9	17985	9.9009900990099e-05	0.8	370.43309479456
Nuclei_RadialDistribution_RadialCV_Actin_4of4	9	17985	9.9009900990099e-05	0.8	324.327640966321
Nuclei_RadialDistribution_RadialCV_ER_1of4	9	17985	9.9009900990099e-05	0.8	556.457679187492
Nuclei_RadialDistribution_RadialCV_ER_2of4	9	17985	9.9009900990099e-05	0.8	299.219032670192
Nuclei_RadialDistribution_RadialCV_ER_3of4	9	17985	9.9009900990099e-05	0.8	252.373079991055
Nuclei_RadialDistribution_RadialCV_ER_4of4	9	17985	9.9009900990099e-05	0.8	457.789054669731
Nuclei_RadialDistribution_RadialCV_Hoechst_1of4	9	17985	9.9009900990099e-05	0.8	855.388109004415
Nuclei_RadialDistribution_RadialCV_Hoechst_2of4	9	17985	9.9009900990099e-05	0.8	463.75133472421
Nuclei_RadialDistribution_RadialCV_Hoechst_3of4	9	17985	9.9009900990099e-05	0.8	1221.58955746741
Nuclei_RadialDistribution_RadialCV_Hoechst_4of4	9	17985	9.9009900990099e-05	0.8	2205.9265351936
Nuclei_RadialDistribution_RadialCV_Mitochondria_1of4	9	17985	9.9009900990099e-05	0.8	737.142534895633
Nuclei_RadialDistribution_RadialCV_Mitochondria_2of4	9	17985	9.9009900990099e-05	0.8	495.661201057708
Nuclei_RadialDistribution_RadialCV_Mitochondria_3of4	9	17985	9.9009900990099e-05	0.8	659.039218706047
Nuclei_RadialDistribution_RadialCV_Mitochondria_4of4	9	17985	9.9009900990099e-05	0.8	1974.12329847618
Nuclei_RadialDistribution_RadialCV_PM_1of4	9	17985	9.9009900990099e-05	0.8	1059.77372158391
Nuclei_RadialDistribution_RadialCV_PM_2of4	9	17985	9.9009900990099e-05	0.8	665.395341069141
Nuclei_RadialDistribution_RadialCV_PM_3of4	9	17985	9.9009900990099e-05	0.8	790.425198669389
Nuclei_RadialDistribution_RadialCV_PM_4of4	9	17985	9.9009900990099e-05	0.8	1663.95344756964
Nuclei_Texture_AngularSecondMoment_ER_3_03_256	9	17985	9.9009900990099e-05	0.8	72.2382343450129
Nuclei_Texture_AngularSecondMoment_Hoechst_3_01_256	9	17985	9.9009900990099e-05	0.8	5723.93244970645
Nuclei_Texture_AngularSecondMoment_Mitochondria_3_03_256	9	17985	9.9009900990099e-05	0.8	931.688580562004
Nuclei_Texture_AngularSecondMoment_PM_3_03_256	9	17985	9.9009900990099e-05	0.8	1920.3941646241
Nuclei_Texture_Contrast_ER_3_00_256	9	17985	9.9009900990099e-05	0.8	534.675039908383
Nuclei_Texture_Contrast_Hoechst_3_02_256	9	17985	9.9009900990099e-05	0.8	5961.56324458816
Nuclei_Texture_Contrast_Mitochondria_3_03_256	9	17985	9.9009900990099e-05	0.8	73272.4655051588
Nuclei_Texture_Contrast_PM_3_03_256	9	17985	9.9009900990099e-05	0.8	1702825.6714229
Nuclei_Texture_Correlation_ER_3_00_256	9	17985	9.9009900990099e-05	0.8	143.157495754375
Nuclei_Texture_Correlation_ER_3_01_256	9	17985	9.9009900990099e-05	0.8	194.186151136848
Nuclei_Texture_Correlation_ER_3_02_256	9	17985	9.9009900990099e-05	0.8	144.139455514846
Nuclei_Texture_Correlation_ER_3_03_256	9	17985	9.9009900990099e-05	0.8	194.801516770045
Nuclei_Texture_Correlation_Hoechst_3_00_256	9	17985	9.9009900990099e-05	0.8	579.320338157192
Nuclei_Texture_Correlation_Hoechst_3_01_256	9	17985	9.9009900990099e-05	0.8	532.587533566612
Nuclei_Texture_Correlation_Hoechst_3_02_256	9	17985	9.9009900990099e-05	0.8	532.702884320679
Nuclei_Texture_Correlation_Hoechst_3_03_256	9	17985	9.9009900990099e-05	0.8	503.922026814158
Nuclei_Texture_Correlation_Mitochondria_3_00_256	9	17985	9.9009900990099e-05	0.8	4305.78249598513
Nuclei_Texture_Correlation_Mitochondria_3_01_256	9	17985	9.9009900990099e-05	0.8	5717.50476002499
Nuclei_Texture_Correlation_Mitochondria_3_02_256	9	17985	9.9009900990099e-05	0.8	3804.43913544961
Nuclei_Texture_Correlation_Mitochondria_3_03_256	9	17985	9.9009900990099e-05	0.8	5253.07989316249
Nuclei_Texture_Correlation_PM_3_01_256	9	17985	9.9009900990099e-05	0.8	1476.59955455421
Nuclei_Texture_Correlation_PM_3_03_256	9	17985	9.9009900990099e-05	0.8	1296.92311081132
Nuclei_Texture_DifferenceEntropy_ER_3_00_256	9	17985	9.9009900990099e-05	0.8	99.3340402358043
Nuclei_Texture_DifferenceEntropy_Mitochondria_3_02_256	9	17985	9.9009900990099e-05	0.8	1051.0997819543
Nuclei_Texture_DifferenceEntropy_PM_3_00_256	9	17985	9.9009900990099e-05	0.8	1853.02889019253
Nuclei_Texture_DifferenceVariance_Hoechst_3_01_256	9	17985	9.9009900990099e-05	0.8	884.836534563964
Nuclei_Texture_DifferenceVariance_Mitochondria_3_01_256	9	17985	9.9009900990099e-05	0.8	1439.17573839766
Nuclei_Texture_DifferenceVariance_PM_3_03_256	9	17985	9.9009900990099e-05	0.8	2546.44157597727
Nuclei_Texture_InfoMeas1_ER_3_00_256	9	17985	9.9009900990099e-05	0.8	296.942613506593
Nuclei_Texture_InfoMeas1_ER_3_01_256	9	17985	9.9009900990099e-05	0.8	374.86004243447
Nuclei_Texture_InfoMeas1_ER_3_02_256	9	17985	9.9009900990099e-05	0.8	292.41751032662
Nuclei_Texture_InfoMeas1_ER_3_03_256	9	17985	9.9009900990099e-05	0.8	379.613605969595
Nuclei_Texture_InfoMeas1_Hoechst_3_02_256	9	17985	9.9009900990099e-05	0.8	461.917177698823
Nuclei_Texture_InfoMeas1_Mitochondria_3_00_256	9	17985	9.9009900990099e-05	0.8	7899.29546567805
Nuclei_Texture_InfoMeas1_Mitochondria_3_01_256	9	17985	9.9009900990099e-05	0.8	3499.30281863807
Nuclei_Texture_InfoMeas1_Mitochondria_3_02_256	9	17985	9.9009900990099e-05	0.8	5676.26937045935
Nuclei_Texture_InfoMeas1_Mitochondria_3_03_256	9	17985	9.9009900990099e-05	0.8	3999.60817965521
Nuclei_Texture_InfoMeas1_PM_3_00_256	9	17985	9.9009900990099e-05	0.8	2156.54505363541
Nuclei_Texture_InfoMeas1_PM_3_01_256	9	17985	9.9009900990099e-05	0.8	1569.26785615271
Nuclei_Texture_InfoMeas1_PM_3_02_256	9	17985	9.9009900990099e-05	0.8	1883.41307596821
Nuclei_Texture_InfoMeas1_PM_3_03_256	9	17985	9.9009900990099e-05	0.8	1420.85421373659
Nuclei_Texture_InverseDifferenceMoment_ER_3_00_256	9	17985	9.9009900990099e-05	0.8	97.2193007686781
Nuclei_Texture_InverseDifferenceMoment_Mitochondria_3_02_256	9	17985	9.9009900990099e-05	0.8	719.356834119145
Nuclei_Texture_InverseDifferenceMoment_PM_3_01_256	9	17985	9.9009900990099e-05	0.8	1950.62358688292
Nuclei_Texture_InverseDifferenceMoment_PM_3_03_256	9	17985	9.9009900990099e-05	0.8	2012.49106386587
Nuclei_Texture_SumEntropy_ER_3_03_256	9	17985	9.9009900990099e-05	0.8	76.6807414853745
Nuclei_Texture_SumEntropy_Hoechst_3_00_256	9	17985	9.9009900990099e-05	0.8	3234.66518451207
Nuclei_Texture_SumEntropy_Mitochondria_3_03_256	9	17985	9.9009900990099e-05	0.8	1157.20696322065
Nuclei_Texture_SumEntropy_PM_3_01_256	9	17985	9.9009900990099e-05	0.8	1206.05812160875
Nuclei_Texture_SumVariance_ER_3_03_256	9	17985	9.9009900990099e-05	0.8	581.785623096598
Nuclei_Texture_SumVariance_Hoechst_3_01_256	9	17985	9.9009900990099e-05	0.8	3880.65247680598
Nuclei_Texture_SumVariance_Mitochondria_3_03_256	9	17985	9.9009900990099e-05	0.8	20708.8166575491
Nuclei_Texture_SumVariance_PM_3_01_256	9	17985	9.9009900990099e-05	0.8	148895.747288387
