feature	r2_score	cell_count_coef	treatment_dose_coef
Cytoplasm_AreaShape_Compactness	0.026470332769999105	0.00040308924986874367	-0.05019594215195438
Cytoplasm_AreaShape_FormFactor	0.07008457382747102	-0.0008281876192363241	0.07434734740803729
Cytoplasm_AreaShape_MajorAxisLength	0.05938975108389488	-0.001345083984646852	0.02560862151517481
Cytoplasm_AreaShape_MinorAxisLength	0.061126601076687326	-0.0013505860594114588	0.02765461192933371
Cytoplasm_AreaShape_Orientation	8.552248285975672e-05	6.251025943362729e-06	0.0034914828287890345
Cytoplasm_AreaShape_Zernike_0_0	0.028563015653586876	-0.00020180021110389315	0.05890912541585136
Cytoplasm_AreaShape_Zernike_1_1	0.004289829870927964	-2.9533547929711924e-05	0.02384443522178883
Cytoplasm_AreaShape_Zernike_2_0	0.05607104781004124	-0.0006330784845330787	0.07121908254772662
Cytoplasm_AreaShape_Zernike_2_2	0.008992454988056342	1.0292812436792558e-05	0.035299810993072986
Cytoplasm_AreaShape_Zernike_3_1	0.00019062481134513032	8.659522885893928e-05	0.0008535159839723735
Cytoplasm_AreaShape_Zernike_3_3	0.0045656172718837595	2.4740630533390373e-05	0.025340613603543116
Cytoplasm_AreaShape_Zernike_4_0	0.008395969176275053	0.00039996350482713293	-0.019223561556378214
Cytoplasm_AreaShape_Zernike_4_2	0.006333477337338911	-0.00016665770829064547	0.025655446023877163
Cytoplasm_AreaShape_Zernike_4_4	0.007775095477898342	9.905723684047389e-05	0.03346753807129323
Cytoplasm_AreaShape_Zernike_5_1	0.005065060755608197	0.00038386923104246235	-0.008522359846096015
Cytoplasm_AreaShape_Zernike_5_3	0.0023382368304014634	-1.5241579927500394e-05	0.01771321336731809
Cytoplasm_AreaShape_Zernike_6_0	0.002012276900169363	0.00022443891655367826	0.012983631541701459
Cytoplasm_AreaShape_Zernike_6_2	0.0037329915865045304	0.00018497952686482322	-0.017443331222905534
Cytoplasm_AreaShape_Zernike_6_4	0.00414447389362238	-0.00010942616275295398	0.02155975181497256
Cytoplasm_AreaShape_Zernike_7_1	0.003349938386387308	0.0002331541118180032	0.01950927618196461
Cytoplasm_AreaShape_Zernike_7_3	0.0006387744993773259	0.00015660940014492893	0.0005081042672262728
Cytoplasm_AreaShape_Zernike_7_5	0.0029100915777124925	4.6682695624408036e-05	0.020425399914432995
Cytoplasm_AreaShape_Zernike_8_0	0.0036350196136897273	8.551853229159603e-05	0.022898365545380772
Cytoplasm_AreaShape_Zernike_8_2	0.0009383696837782507	0.00015636364065977905	0.00865858243803925
Cytoplasm_AreaShape_Zernike_8_4	0.0016470751941404238	2.5467273679016073e-05	-0.014644981144185183
Cytoplasm_AreaShape_Zernike_8_6	0.00432226547114456	-7.469492399054926e-05	0.02300790114991644
Cytoplasm_AreaShape_Zernike_9_1	0.009651382784546692	4.784890133524087e-05	0.036950676004460524
Cytoplasm_AreaShape_Zernike_9_3	0.0007823504454538277	0.00011324522562830433	0.009407227416528495
Cytoplasm_AreaShape_Zernike_9_5	0.0004631139750999047	0.0001344388697381105	0.0009239984937187198
Cytoplasm_Correlation_Correlation_Hoechst_Mitochondria	0.09912734849685145	-0.0008685959962980261	0.09358420994497137
Cytoplasm_Correlation_Correlation_Hoechst_PM	0.06336613680628966	-0.0007204093021593878	0.07371817403399103
Cytoplasm_Correlation_Correlation_Mitochondria_PM	0.07793040607482782	-0.00043746733376444	0.09456121939609284
Cytoplasm_Correlation_RWC_Hoechst_ER	0.0006398293004441502	-0.00012257814022300357	0.004370861950899439
Cytoplasm_Correlation_RWC_Mitochondria_ER	0.013305110337166526	0.0007088787007275508	0.00040234591751323013
Cytoplasm_Correlation_RWC_PM_ER	0.006490622715511818	0.0005054880791586165	0.007970035920662139
Cytoplasm_Granularity_1_ER	0.018762490851941926	0.0006036919275249754	-0.02832815203283171
Cytoplasm_Granularity_1_Hoechst	0.030757286789343752	-0.000750825318697427	0.03780875393434156
Cytoplasm_Granularity_1_Mitochondria	0.0622053606720816	0.00035759232873093554	-0.08540033961396779
Cytoplasm_Granularity_1_PM	0.03912585542601066	0.0004101921314594293	-0.06390249376732601
Cytoplasm_Intensity_IntegratedIntensityEdge_Hoechst	0.14655179711265187	0.0007621630713250915	-0.1247285001465064
Cytoplasm_Intensity_IntegratedIntensity_Actin	0.21308657953347343	-0.00027362086623799656	-0.1740097406849929
Cytoplasm_Intensity_IntegratedIntensity_Hoechst	0.03664750164468733	-0.0009778894838386699	-0.05406075257167665
Cytoplasm_Intensity_IntegratedIntensity_Mitochondria	0.03395343712423393	-0.0007449453147588374	-0.06201314674655188
Cytoplasm_Intensity_LowerQuartileIntensity_ER	0.1866926689357956	0.0007219411441849581	-0.14506955525315543
Cytoplasm_Intensity_LowerQuartileIntensity_PM	0.14342178928164118	0.00046638173592123436	-0.13165458068318547
Cytoplasm_Intensity_MADIntensity_ER	0.30660983255781316	0.0003714315185463576	-0.1993543256594323
Cytoplasm_Intensity_MADIntensity_Hoechst	0.06228206859750596	0.0005227768132189717	-0.08044725159015487
Cytoplasm_Intensity_MADIntensity_Mitochondria	0.046503260349573305	0.0007811034872865332	-0.055160842277202866
Cytoplasm_Intensity_MADIntensity_PM	0.12308724166788931	0.0003141269316661427	-0.12469876646921338
Cytoplasm_Intensity_MassDisplacement_Hoechst	0.004967101285593967	-0.0001559387236103647	-0.02649643830779715
Cytoplasm_Intensity_MassDisplacement_Mitochondria	0.016454538150385	-0.0006018446967380126	0.023786018858343288
Cytoplasm_Intensity_MaxIntensity_ER	0.21327769567248134	0.00020378222051401954	-0.16820475618104444
Cytoplasm_Intensity_MaxIntensity_Hoechst	0.013228203130137173	0.0006850384294792763	-0.004613175615700421
Cytoplasm_Intensity_MaxIntensity_Mitochondria	0.001091640457877352	0.00019242490559686677	-0.0020808575762489194
Cytoplasm_Intensity_MaxIntensity_PM	0.01153474136641175	-3.3395146060625727e-05	-0.04021992858870431
Cytoplasm_Intensity_StdIntensityEdge_Hoechst	0.059514537677882506	0.0014719255821362685	-0.005962546764849167
Cytoplasm_Intensity_StdIntensityEdge_PM	0.012623822142556196	-0.0001361883990267185	-0.04266337559911898
Cytoplasm_Intensity_StdIntensity_Hoechst	0.04586853774977884	0.0011090039044963098	-0.03050348335998933
Cytoplasm_Intensity_StdIntensity_Mitochondria	0.006134159367351177	0.00045487069502355684	-0.005133100930135763
Cytoplasm_RadialDistribution_FracAtD_Hoechst_1of4	0.005497169446505135	-0.00046201691944790474	-0.009471509146526946
Cytoplasm_RadialDistribution_FracAtD_Hoechst_2of4	0.00847250342260708	-0.000577365492416189	-0.005751262584582031
Cytoplasm_RadialDistribution_FracAtD_Hoechst_3of4	0.013536266961774124	-0.000706150039607355	0.00190258256571067
Cytoplasm_RadialDistribution_FracAtD_Hoechst_4of4	0.012471708002963933	0.0006898913782900571	0.0015047566751637768
Cytoplasm_RadialDistribution_FracAtD_Mitochondria_1of4	0.0016938408227142876	-0.00019922461273792143	-0.012323586277999121
Cytoplasm_RadialDistribution_FracAtD_Mitochondria_3of4	0.0028526581484423774	-0.0002785723202918988	0.007406472443411556
Cytoplasm_RadialDistribution_FracAtD_Mitochondria_4of4	0.0018700069212626014	0.0002630219908636995	-0.0005740513691478077
Cytoplasm_RadialDistribution_MeanFrac_Hoechst_1of4	0.009415800722832546	-0.00045028612424271176	-0.030123183144735007
Cytoplasm_RadialDistribution_MeanFrac_Hoechst_2of4	0.018149219316898946	-0.000639113170776084	-0.04107729289079027
Cytoplasm_RadialDistribution_MeanFrac_Hoechst_3of4	0.03201758119228937	-0.0008239548224249558	-0.05587422305363494
Cytoplasm_RadialDistribution_MeanFrac_Hoechst_4of4	0.02167915387420971	0.0005352826893756083	0.05150909678092636
Cytoplasm_RadialDistribution_MeanFrac_PM_3of4	0.006780348157094607	-8.03273981760645e-05	-0.03121651762465896
Cytoplasm_RadialDistribution_MeanFrac_PM_4of4	0.013100791857241223	3.228576906946973e-05	0.04282950499415699
Cytoplasm_RadialDistribution_RadialCV_Actin_2of4	0.0032810026211508303	0.0001702042963086442	-0.016498365825832993
Cytoplasm_RadialDistribution_RadialCV_Actin_3of4	0.0038736606400235907	3.3967876243444536e-07	-0.023079250306592112
Cytoplasm_RadialDistribution_RadialCV_Actin_4of4	0.038833396205689485	-0.00017344978317656128	-0.07462778935122319
Cytoplasm_RadialDistribution_RadialCV_ER_2of4	0.012328277931372367	-0.0005071441801872405	0.02165776144755991
Cytoplasm_RadialDistribution_RadialCV_ER_3of4	0.03800270599522282	-0.0007508982167526952	0.047322956360467815
Cytoplasm_RadialDistribution_RadialCV_ER_4of4	0.040988844204360664	-0.0008530937166495799	0.044565447984047116
Cytoplasm_RadialDistribution_RadialCV_Hoechst_2of4	0.006899047890484011	0.0001531279736008929	-0.027453478155179737
Cytoplasm_RadialDistribution_RadialCV_Hoechst_3of4	0.004853591248284772	0.00017449505210804587	-0.021421303898746684
Cytoplasm_RadialDistribution_RadialCV_Hoechst_4of4	0.01771409026682158	0.0007795461736372829	0.027989034157877398
Cytoplasm_RadialDistribution_RadialCV_Mitochondria_2of4	0.11522486437933965	-0.00022559672606851325	0.12225036356147685
Cytoplasm_RadialDistribution_RadialCV_Mitochondria_3of4	0.1922297127292244	-0.00038403696053059477	0.15601814634604538
Cytoplasm_RadialDistribution_RadialCV_Mitochondria_4of4	0.14643844449179033	-0.0003314297504256119	0.13625353115703012
Cytoplasm_RadialDistribution_RadialCV_PM_2of4	0.03455608272234867	-0.0002718117049629397	0.06350850754118059
Cytoplasm_RadialDistribution_RadialCV_PM_3of4	0.08605194045129505	-0.0004897155078743132	0.09850258362551037
Cytoplasm_RadialDistribution_RadialCV_PM_4of4	0.0523042289652762	-0.00037681167249301945	0.07694104186075565
Cytoplasm_Texture_AngularSecondMoment_ER_3_01_256	0.41295377566349545	-0.0006790381009666894	0.22609120870180968
Cytoplasm_Texture_AngularSecondMoment_Hoechst_3_03_256	0.07155817997380931	-0.0005526837446560674	0.08648924409615022
Cytoplasm_Texture_AngularSecondMoment_Mitochondria_3_00_256	0.12294365590807321	-0.0013608617286252841	0.08451021119226383
Cytoplasm_Texture_AngularSecondMoment_Mitochondria_3_01_256	0.1083322402813206	-0.001344258010078457	0.07522200672115877
Cytoplasm_Texture_AngularSecondMoment_Mitochondria_3_02_256	0.12435483366961853	-0.0013547377053726732	0.08581550742952819
Cytoplasm_Texture_AngularSecondMoment_Mitochondria_3_03_256	0.1127724900021373	-0.001359109822151872	0.07753280507809614
Cytoplasm_Texture_AngularSecondMoment_PM_3_01_256	0.2073732370957887	-0.0008812490602661281	0.14919396814850558
Cytoplasm_Texture_Contrast_ER_3_00_256	0.1293875940228466	0.0005771490229575253	-0.12146162795902513
Cytoplasm_Texture_Contrast_ER_3_01_256	0.12462966863911185	0.0006030986627998696	-0.11813776448607298
Cytoplasm_Texture_Contrast_ER_3_02_256	0.15761783990491407	0.0006787598051821799	-0.1328402629485112
Cytoplasm_Texture_Contrast_ER_3_03_256	0.11133496459823533	0.0005094010220581981	-0.1134033611545112
Cytoplasm_Texture_Contrast_Hoechst_3_01_256	0.008105032164710702	0.000533402710892878	0.018037087551836653
Cytoplasm_Texture_Contrast_Hoechst_3_03_256	0.008932520426700674	0.000558321379309154	0.019187007650033
Cytoplasm_Texture_Contrast_Mitochondria_3_00_256	0.0023227309249485018	0.00024099592082810954	-0.007675607093918487
Cytoplasm_Texture_Contrast_Mitochondria_3_01_256	0.0023827680057266765	0.0002827229132559518	-0.0033195454047045985
Cytoplasm_Texture_Contrast_Mitochondria_3_02_256	0.0031953046183695877	0.0002977617501673021	-0.007538063850013208
Cytoplasm_Texture_Contrast_Mitochondria_3_03_256	0.0017847999463236341	0.00023330251222240006	-0.004424290196987884
Cytoplasm_Texture_Contrast_PM_3_00_256	0.00452414081257313	0.00016210318069520956	-0.0209242896799009
Cytoplasm_Texture_Contrast_PM_3_01_256	0.004509176150306993	0.00020442924769681686	-0.019119810386982523
Cytoplasm_Texture_Contrast_PM_3_02_256	0.00946106714372108	0.0002572664530488896	-0.02936792631987775
Cytoplasm_Texture_Contrast_PM_3_03_256	0.003489313463967747	0.0001633189296358383	-0.017543135268112544
Cytoplasm_Texture_Correlation_Actin_3_00_256	0.22501652458157773	0.00015315764219823576	-0.17370582894760336
Cytoplasm_Texture_Correlation_Actin_3_01_256	0.19402971483225306	-6.277615210932618e-05	-0.16414851625136145
Cytoplasm_Texture_Correlation_Actin_3_02_256	0.23018723111356054	4.0346295655323076e-05	-0.17740283936448287
Cytoplasm_Texture_Correlation_Actin_3_03_256	0.1954969136665361	-2.545328615379142e-05	-0.16431373417313502
Cytoplasm_Texture_Correlation_ER_3_00_256	0.031230213794353978	-0.0005578985935147997	-0.06393515520061684
Cytoplasm_Texture_Correlation_ER_3_01_256	0.03239712018985641	-0.0006682854324309822	-0.06255579226902844
Cytoplasm_Texture_Correlation_ER_3_02_256	0.03339493644076419	-0.0005843409111766461	-0.06595341098207401
Cytoplasm_Texture_Correlation_ER_3_03_256	0.03448985167818874	-0.0006930807574863771	-0.06443668564356143
Cytoplasm_Texture_Correlation_Hoechst_3_00_256	0.002502116672929877	-0.00017849321332215828	-0.01759416303553459
Cytoplasm_Texture_Correlation_Hoechst_3_01_256	0.020425382400662828	-0.00032115777009069193	-0.053684148684740966
Cytoplasm_Texture_Correlation_Hoechst_3_02_256	0.003480035525765035	-0.0002496798361115957	-0.01942055123945503
Cytoplasm_Texture_Correlation_Hoechst_3_03_256	0.023760856568695865	-0.00041182816720549293	-0.057109103463134664
Cytoplasm_Texture_Correlation_Mitochondria_3_00_256	0.02044316720476891	-0.00033553740213638925	0.04481572368275724
Cytoplasm_Texture_Correlation_Mitochondria_3_01_256	0.02505450340916715	-0.0004967847654310429	0.04437699313414353
Cytoplasm_Texture_Correlation_Mitochondria_3_02_256	0.019427959855783827	-0.0003234270618428345	0.043823442259088054
Cytoplasm_Texture_Correlation_Mitochondria_3_03_256	0.02349252404588309	-0.00044267509451725894	0.04471104706482943
Cytoplasm_Texture_Correlation_PM_3_00_256	0.01337138473176469	-0.00046813588855991434	0.026688741192984162
Cytoplasm_Texture_Correlation_PM_3_01_256	0.01687439234492749	-0.0005943160654382377	0.025263387326589445
Cytoplasm_Texture_Correlation_PM_3_02_256	0.013120753181534495	-0.0004800559911407993	0.025386685389703657
Cytoplasm_Texture_Correlation_PM_3_03_256	0.01592148964474993	-0.0005901343229777634	0.02354648662879197
Cytoplasm_Texture_DifferenceEntropy_ER_3_00_256	0.39416594710558517	0.0011607205035589967	-0.20740934118145532
Cytoplasm_Texture_DifferenceEntropy_Hoechst_3_01_256	0.04359773704685388	0.0012997467469658688	0.006602058232268418
Cytoplasm_Texture_DifferenceEntropy_Mitochondria_3_00_256	0.0984164702734105	0.0014098168103231757	-0.06291238741848805
Cytoplasm_Texture_DifferenceEntropy_Mitochondria_3_02_256	0.09740901288280801	0.0014454337903059404	-0.05935584388493133
Cytoplasm_Texture_DifferenceEntropy_PM_3_01_256	0.15339674096909617	0.000996248397096024	-0.11983184210120149
Cytoplasm_Texture_DifferenceEntropy_PM_3_03_256	0.15481150060406923	0.000986944621517501	-0.12092438707124308
Cytoplasm_Texture_DifferenceVariance_Actin_3_03_256	0.6156794191403996	-0.0007223108352641622	0.27846192980924517
Cytoplasm_Texture_DifferenceVariance_ER_3_01_256	0.40320858910293733	-0.0007418206156646178	0.22173133017906752
Cytoplasm_Texture_DifferenceVariance_Hoechst_3_02_256	0.07335512445899006	-0.0016207264938960957	0.009399428244316119
Cytoplasm_Texture_DifferenceVariance_Mitochondria_3_03_256	0.054947445060195665	-0.0011629120829326634	0.0381631224849535
Cytoplasm_Texture_DifferenceVariance_PM_3_03_256	0.11997892899622475	-0.0005921576697079727	0.11590011612136243
Cytoplasm_Texture_InfoMeas1_ER_3_00_256	0.09604176763181771	0.0017277342923180691	-0.030424871933264278
Cytoplasm_Texture_InfoMeas1_ER_3_01_256	0.0906368147563591	0.0017518275299595425	-0.01920578172371687
Cytoplasm_Texture_InfoMeas1_ER_3_02_256	0.1007398297430393	0.0018101340152862446	-0.025730976220164545
Cytoplasm_Texture_InfoMeas1_ER_3_03_256	0.09707583623788374	0.0018212594681111698	-0.01854653543936914
Cytoplasm_Texture_InfoMeas1_Hoechst_3_00_256	0.017508698644240872	0.0007275666406894697	0.033205504650346794
Cytoplasm_Texture_InfoMeas1_Hoechst_3_01_256	0.061507415077197924	0.0007601307106139137	0.090196260945128
Cytoplasm_Texture_InfoMeas1_Hoechst_3_02_256	0.018706305740628593	0.0007589545109261545	0.03365785557641533
Cytoplasm_Texture_InfoMeas1_Hoechst_3_03_256	0.061503947418556026	0.000804083203977444	0.08925911592902797
Cytoplasm_Texture_InfoMeas1_Mitochondria_3_00_256	0.1317684131694311	0.0013784931797316904	-0.08927123904198736
Cytoplasm_Texture_InfoMeas1_Mitochondria_3_01_256	0.1262170668332191	0.001505349576874626	-0.07764634134473757
Cytoplasm_Texture_InfoMeas1_Mitochondria_3_02_256	0.13206621115235362	0.0014370357536414317	-0.08598998671746952
Cytoplasm_Texture_InfoMeas1_Mitochondria_3_03_256	0.12490747814525616	0.0014833825137721228	-0.07818306609209882
Cytoplasm_Texture_InfoMeas1_PM_3_00_256	0.1360540022174097	0.0012970091451927175	-0.09645163652733434
Cytoplasm_Texture_InfoMeas1_PM_3_01_256	0.12466736103175013	0.0014196224520473394	-0.08210487278936512
Cytoplasm_Texture_InfoMeas1_PM_3_02_256	0.13234848758554518	0.0013494855096053715	-0.09129520179987245
Cytoplasm_Texture_InfoMeas1_PM_3_03_256	0.12378649911585538	0.0014455104346122079	-0.0798619170307436
Cytoplasm_Texture_InfoMeas2_ER_3_00_256	0.09099014781388937	-0.0003380099383702088	-0.11448815430229116
Cytoplasm_Texture_InfoMeas2_ER_3_01_256	0.08911628582677444	-0.00045186651169071626	-0.11334580492616146
Cytoplasm_Texture_InfoMeas2_ER_3_02_256	0.09191992173912278	-0.00035829656768420317	-0.11510921096220034
Cytoplasm_Texture_InfoMeas2_ER_3_03_256	0.09662693938183464	-0.0005101272207220468	-0.11793498673416138
Cytoplasm_Texture_InfoMeas2_Hoechst_3_00_256	0.015252258321867607	0.00035165596520130737	-0.03624412177647006
Cytoplasm_Texture_InfoMeas2_Hoechst_3_01_256	0.051499469930431974	0.00018947976026720858	-0.08095104389621981
Cytoplasm_Texture_InfoMeas2_Hoechst_3_02_256	0.01515967080804359	0.00035843477233159785	-0.03579262965362803
Cytoplasm_Texture_InfoMeas2_Hoechst_3_03_256	0.050541867247109296	0.0001496978289878736	-0.08096047831556254
Cytoplasm_Texture_InfoMeas2_Mitochondria_3_00_256	0.0071484130263334	-2.3293829789251548e-06	0.03132739742578918
Cytoplasm_Texture_InfoMeas2_Mitochondria_3_01_256	0.010141479718559498	-0.00017310170656412619	0.03366827568614349
Cytoplasm_Texture_InfoMeas2_Mitochondria_3_02_256	0.006731467759068188	-4.406560918512626e-05	0.029743993741747524
Cytoplasm_Texture_InfoMeas2_Mitochondria_3_03_256	0.009487334143984616	-0.00015931902949589574	0.032802663897203946
Cytoplasm_Texture_InfoMeas2_PM_3_00_256	0.00132096481421351	-0.00022823390727578954	-0.0032608585219559474
Cytoplasm_Texture_InfoMeas2_PM_3_01_256	0.003270633972725645	-0.000357420928633868	-0.002544478154066496
Cytoplasm_Texture_InfoMeas2_PM_3_02_256	0.0016376276763051534	-0.0002509704431482285	-0.0056485386034865895
Cytoplasm_Texture_InfoMeas2_PM_3_03_256	0.003406581395032582	-0.0003665368304521809	-0.004377805503243219
Cytoplasm_Texture_InverseDifferenceMoment_Actin_3_02_256	0.5077540681791757	-0.0011283532278973617	0.24104021811012363
Cytoplasm_Texture_InverseDifferenceMoment_ER_3_00_256	0.40893233683666175	-0.001112276243126059	0.21340263883812538
Cytoplasm_Texture_InverseDifferenceMoment_Hoechst_3_02_256	0.026964473385495014	-0.0008546131263669857	0.02295745400601138
Cytoplasm_Texture_InverseDifferenceMoment_Mitochondria_3_00_256	0.15076305771219078	-0.0015299661827317206	0.09220500839219876
Cytoplasm_Texture_InverseDifferenceMoment_Mitochondria_3_01_256	0.14611222201566176	-0.0016355441344634337	0.08246952925872478
Cytoplasm_Texture_InverseDifferenceMoment_Mitochondria_3_02_256	0.14921386471022002	-0.0015888942835660357	0.08756279490043323
Cytoplasm_Texture_InverseDifferenceMoment_Mitochondria_3_03_256	0.1447082962970737	-0.001596759883659847	0.0841438948804731
Cytoplasm_Texture_InverseDifferenceMoment_PM_3_00_256	0.21356651503627988	-0.0009709875845000919	0.14886964342114017
Cytoplasm_Texture_InverseDifferenceMoment_PM_3_01_256	0.19161196330135644	-0.001023994870211925	0.13732415419436778
Cytoplasm_Texture_InverseDifferenceMoment_PM_3_02_256	0.2102580798614504	-0.0010126956778472944	0.14600761407349153
Cytoplasm_Texture_InverseDifferenceMoment_PM_3_03_256	0.19110649770381583	-0.0010023932334364274	0.1378812191808838
Cytoplasm_Texture_SumEntropy_ER_3_03_256	0.40974071407219403	0.0005023368132254077	-0.22900201248838037
Cytoplasm_Texture_SumEntropy_Mitochondria_3_03_256	0.07029269091531187	0.0010664875204596466	-0.06162085359813438
Cytoplasm_Texture_SumEntropy_PM_3_03_256	0.1474534559886913	0.0005440861431622696	-0.13165743484891712
Cytoplasm_Texture_SumVariance_ER_3_01_256	0.1381276088564135	-0.00010776846233314035	-0.13910069275404108
Cytoplasm_Texture_SumVariance_Hoechst_3_02_256	0.0028864618628248184	0.00032211395277681405	-0.001741132078632144
Cytoplasm_Texture_SumVariance_Mitochondria_3_01_256	0.0024351335295030863	0.00024336488283827935	0.014506331057936896
Cytoplasm_Texture_SumVariance_PM_3_02_256	0.00369625014617736	7.518665587179063e-05	-0.02112748741526892
Cells_AreaShape_BoundingBoxArea	0.06390002909397419	-0.001475662119720604	0.015367590303321719
Cells_AreaShape_Compactness	0.003371046166006586	0.00035290805236878523	-0.0008277890003130843
Cells_AreaShape_Eccentricity	0.0009201882347952273	3.858123434751121e-05	0.011520593043059498
Cells_AreaShape_Extent	0.002789993978799643	-0.00023868467529476658	-0.01671791441593813
Cells_AreaShape_FormFactor	0.006465158330197673	-0.0004580001895017063	-0.01853711434803412
Cells_AreaShape_Orientation	7.429520335178186e-05	3.936183468825012e-06	0.0032397134921460773
Cells_AreaShape_Perimeter	0.015707802086492584	-0.0007321416512770703	0.007537028444990458
Cells_AreaShape_Solidity	0.0026969425140361825	-0.0003062634458662097	0.002636656151273323
Cells_AreaShape_Zernike_0_0	0.0036386719735275186	-0.0001526963476059636	-0.022465485882475968
Cells_AreaShape_Zernike_1_1	0.00047083736250064234	0.00011613591829671986	0.0057256169759779645
Cells_AreaShape_Zernike_2_0	0.0023351792551442596	-3.728964512707998e-05	0.017300925093317134
Cells_AreaShape_Zernike_2_2	0.0012614028126022303	-8.191565516897516e-05	-0.013320075362897595
Cells_AreaShape_Zernike_3_1	0.0015171111527924053	3.427601609768909e-05	0.01475046183698129
Cells_AreaShape_Zernike_3_3	0.0012409223251204082	3.557175901046318e-05	0.01335892212821797
Cells_AreaShape_Zernike_4_0	0.003160369404157426	-0.0001764897554391033	-0.02035945763282039
Cells_AreaShape_Zernike_4_2	0.004602669070577603	-2.826487983892867e-05	0.02473841013629948
Cells_AreaShape_Zernike_4_4	0.0005063665972963038	5.655181564434207e-05	0.008385915561536283
Cells_AreaShape_Zernike_5_1	0.0001432345721752437	5.738184187302481e-05	0.0036154005957357224
Cells_AreaShape_Zernike_5_3	0.0019237862968579655	-5.721329090313264e-05	0.015167166704766477
Cells_AreaShape_Zernike_5_5	0.001780809645952064	0.0001446096862429399	0.015001707392638227
Cells_AreaShape_Zernike_6_0	0.0001996019372070279	-8.563201045360667e-05	-0.0024905809488427384
Cells_AreaShape_Zernike_6_2	0.001975462427002861	-1.8409106240693763e-05	-0.016688683656089824
Cells_AreaShape_Zernike_6_4	0.0026581815833581768	-0.0001489490277906042	0.015037937955717182
Cells_AreaShape_Zernike_6_6	0.002266915537355252	9.842755099521172e-05	0.017957906564548955
Cells_AreaShape_Zernike_7_1	0.00013533313701319383	7.305336393797532e-05	0.0008623668443392942
Cells_AreaShape_Zernike_7_3	0.0003295758156915962	4.9230242005760674e-05	0.006715024935367026
Cells_AreaShape_Zernike_7_5	0.002067057567693764	3.109277943366519e-07	0.01686649247557082
Cells_AreaShape_Zernike_7_7	0.0010315162530530886	4.984919568022632e-05	0.012192273025163748
Cells_AreaShape_Zernike_8_0	0.000512245839358827	-1.2210694959630492e-05	-0.008522417293542094
Cells_AreaShape_Zernike_8_2	0.0010904142852169452	-0.0001190180571973466	-0.011581523306871361
Cells_AreaShape_Zernike_8_4	0.00039904467103724084	-7.132308037082242e-05	-0.007025136976817829
Cells_AreaShape_Zernike_8_6	0.0025937148457436665	-0.0001359183036774846	0.01532736310543381
Cells_AreaShape_Zernike_8_8	0.0039718637006378454	0.00017007088535568165	0.023323947018118074
Cells_AreaShape_Zernike_9_1	1.2213177671083209e-05	8.655768940201366e-06	0.0013039535285096389
Cells_AreaShape_Zernike_9_3	0.00013626327501536917	6.425853023229506e-05	0.0029224583220990603
Cells_AreaShape_Zernike_9_5	9.050698501777976e-05	5.7438731453506706e-05	0.0017215272217037483
Cells_AreaShape_Zernike_9_7	0.002953186916404449	-1.837251629039372e-06	0.020131087761630303
Cells_AreaShape_Zernike_9_9	0.0021113790774640595	0.0001034132231744938	0.017258622591854705
Cells_Correlation_Correlation_Hoechst_Mitochondria	0.26635651036511376	-0.000712361959329055	0.17745079637650968
Cells_Correlation_Correlation_Hoechst_PM	0.21802547657725624	-0.0006395062294773626	0.16067739286971947
Cells_Correlation_Correlation_Mitochondria_PM	0.1083397984916924	-0.0004430227348136092	0.1134679367337392
Cells_Correlation_RWC_Hoechst_ER	0.012853291145097256	-0.0006828646552674482	-0.020824871461076963
Cells_Correlation_RWC_Mitochondria_ER	0.005241891528169007	0.0003197705258038844	0.02326078940733558
Cells_Correlation_RWC_Mitochondria_PM	0.004624611279604007	0.0003563888964063378	-0.009257602779903135
Cells_Correlation_RWC_PM_ER	0.007186405125469308	4.932091083666603e-05	0.031948972396654444
Cells_Granularity_1_Hoechst	0.027059714716351824	-0.0006978188990275293	0.03589790082153754
Cells_Granularity_2_Hoechst	0.010098963016790585	0.0006307169099550554	0.006754927849136063
Cells_Intensity_IntegratedIntensityEdge_Actin	0.36264052226591814	0.00042178965412482565	-0.21645747549310884
Cells_Intensity_IntegratedIntensityEdge_ER	0.3123106704513292	0.00033680458977167985	-0.20192427532157353
Cells_Intensity_IntegratedIntensityEdge_Hoechst	0.16867521592403611	0.0003533297523574335	-0.14628356780806975
Cells_Intensity_IntegratedIntensityEdge_Mitochondria	0.133817621553862	0.0005066978872300639	-0.12573072765166432
Cells_Intensity_IntegratedIntensity_Hoechst	0.05293171011952391	-0.0005363157670898138	-0.08622630912416723
Cells_Intensity_MADIntensity_Hoechst	0.05558384273080841	0.000668761062458307	-0.06929996145226694
Cells_Intensity_MADIntensity_Mitochondria	0.014120556002280904	0.0006581600606984392	-0.012206540079248903
Cells_Intensity_MADIntensity_PM	0.07273962870765782	0.00033926514014554393	-0.09358124477733701
Cells_Intensity_MassDisplacement_Hoechst	0.006620298704221317	-0.0005046193233774704	-0.0018018127259113183
Cells_Intensity_MaxIntensityEdge_Actin	0.37949332550864	0.0007852396240090797	-0.21348963296323345
Cells_Intensity_MaxIntensityEdge_ER	0.31568999576529433	0.0004948245862086455	-0.19988069466542785
Cells_Intensity_MaxIntensityEdge_Hoechst	0.057376790929409505	0.0008859485444687491	-0.06025686563957055
Cells_Intensity_MaxIntensityEdge_Mitochondria	0.027738900222305074	0.0006092706206647924	-0.04227215642545471
Cells_Intensity_MaxIntensityEdge_PM	0.06264090435169689	0.0003422164761958159	-0.08614005461320647
Cells_Intensity_MaxIntensity_Hoechst	0.012200107727673992	0.0006075292811369537	-0.011862388519710845
Cells_Intensity_MedianIntensity_Hoechst	0.040491509620183774	0.0003821160924262528	-0.06615905922188198
Cells_Intensity_StdIntensityEdge_Hoechst	0.07887753685553267	0.0010462222905996258	-0.07023064767876817
Cells_Intensity_StdIntensityEdge_Mitochondria	0.03230105965885266	0.0006967771833635966	-0.043362943542191536
Cells_Neighbors_AngleBetweenNeighbors_Adjacent	0.0017288011473852727	0.00021993331397275763	0.011182589233741902
Cells_Neighbors_FirstClosestDistance_Adjacent	0.1053844290624445	-0.0019636102230820357	0.006846006377193839
Cells_Neighbors_PercentTouching_Adjacent	0.0016986908049825278	7.756483254157201e-05	0.015594988471818744
Cells_Neighbors_SecondClosestDistance_Adjacent	0.14333068510132485	-0.0023139036372204404	0.0022078325537069556
Cells_RadialDistribution_FracAtD_Hoechst_1of4	0.018096266879447986	-0.00013148689270716307	0.047571254025760776
Cells_RadialDistribution_FracAtD_Hoechst_2of4	0.022126627115218844	-4.462139867437977e-05	0.05452530960325504
Cells_RadialDistribution_FracAtD_Hoechst_3of4	0.0033987837815894206	0.0002383015084721213	0.019523385983472488
Cells_RadialDistribution_FracAtD_PM_1of4	0.08930312412673014	-0.0007359747313945398	0.09236685325249944
Cells_RadialDistribution_FracAtD_PM_3of4	0.02938231529111135	-0.00033467271951566227	0.05606342638323679
Cells_RadialDistribution_FracAtD_PM_4of4	0.07341981606246173	0.0006100267564600838	-0.08586772669384635
Cells_RadialDistribution_MeanFrac_Hoechst_1of4	0.0170604189196929	2.0628961269337373e-05	0.04869748177030427
Cells_RadialDistribution_MeanFrac_Hoechst_2of4	0.01841357422832901	0.00016329078337568842	0.05152454298765618
Cells_RadialDistribution_MeanFrac_Hoechst_3of4	0.004240095203118965	0.0003848246322037594	0.01319554613530505
Cells_RadialDistribution_MeanFrac_Hoechst_4of4	0.039348872851804884	-0.00015036451051187323	-0.07499382549043346
Cells_RadialDistribution_MeanFrac_Mitochondria_1of4	0.14119948126744886	-0.0006978020438397184	0.1240415446878551
Cells_RadialDistribution_MeanFrac_Mitochondria_3of4	0.059436540797947135	-0.00026390032883904905	0.08562872550936598
Cells_RadialDistribution_MeanFrac_Mitochondria_4of4	0.2248736500126638	0.0008613114313435285	-0.15713812764711266
Cells_RadialDistribution_MeanFrac_PM_2of4	0.0945430468446653	-0.00048568663335859597	0.1040448465987075
Cells_RadialDistribution_MeanFrac_PM_3of4	0.018608802368524913	-2.9949719386706632e-05	0.05017324110552358
Cells_RadialDistribution_MeanFrac_PM_4of4	0.17792739451534056	0.0007657647325150934	-0.13978816315764458
Cells_RadialDistribution_RadialCV_Actin_1of4	0.023020205358407098	0.00030766951548475194	-0.049249237105910934
Cells_RadialDistribution_RadialCV_Actin_2of4	0.04438844514799245	0.00023063748274069012	-0.07393892142976888
Cells_RadialDistribution_RadialCV_Actin_3of4	0.05396698645964526	6.510117834522379e-05	-0.08522620230505659
Cells_RadialDistribution_RadialCV_Actin_4of4	0.06544347281297913	-5.6156326172125275e-05	-0.09555462540231946
Cells_RadialDistribution_RadialCV_ER_1of4	0.009230062701319874	0.00014418316413163129	-0.032721126844024194
Cells_RadialDistribution_RadialCV_ER_2of4	0.00379063629042109	-0.00012771539015340354	-0.02321839006318016
Cells_RadialDistribution_RadialCV_ER_3of4	0.012344791392938537	-0.0006209960448421695	0.010707575933882253
Cells_RadialDistribution_RadialCV_ER_4of4	0.028745304839131847	-0.0008201036361631986	0.02942373889571631
Cells_RadialDistribution_RadialCV_Hoechst_1of4	0.03275095918563198	-0.00023098702651280979	0.06270947788094267
Cells_RadialDistribution_RadialCV_Hoechst_2of4	0.06510079665351387	-0.00029200194754974235	0.08924176173127571
Cells_RadialDistribution_RadialCV_Hoechst_3of4	0.05041219926123186	-3.380174647968344e-05	0.08281002639015406
Cells_RadialDistribution_RadialCV_Hoechst_4of4	0.007554023581456848	0.0005425531976799939	0.010641384063230964
Cells_RadialDistribution_RadialCV_Mitochondria_1of4	0.01673570387523826	-0.00012910930651380495	0.0456882732393604
Cells_RadialDistribution_RadialCV_Mitochondria_2of4	0.07154664404719346	-0.0004494369944070464	0.08973254356873699
Cells_RadialDistribution_RadialCV_Mitochondria_3of4	0.1338624272492509	-0.0005954567660139843	0.1233022302830262
Cells_RadialDistribution_RadialCV_Mitochondria_4of4	0.09752387424029485	-0.00030331028986661123	0.11047778163257028
Cells_RadialDistribution_RadialCV_PM_1of4	0.04689523779701921	-0.00044883805701870325	0.06996808500867366
Cells_RadialDistribution_RadialCV_PM_2of4	0.12475041823509181	-0.0007323104592222413	0.11411019260665611
Cells_RadialDistribution_RadialCV_PM_3of4	0.15075963089485855	-0.0007777075286187663	0.12635277244482418
Cells_RadialDistribution_RadialCV_PM_4of4	0.04722801584051772	-0.0003791507043904758	0.07248794633999321
Cells_Texture_AngularSecondMoment_Hoechst_3_03_256	0.03618152394934038	-0.0007418463754202342	0.04563145969414922
Cells_Texture_AngularSecondMoment_Mitochondria_3_03_256	0.05725349062026719	-0.0011927545744823958	0.038446011244063764
Cells_Texture_AngularSecondMoment_PM_3_03_256	0.1588230465588687	-0.0008947012964850174	0.12638307749241165
Cells_Texture_Contrast_Hoechst_3_00_256	0.012726339107659967	0.0006975432804723586	0.0017386259603036113
Cells_Texture_Contrast_Mitochondria_3_03_256	0.001752605123014228	0.00026275463807513594	0.002825336280622679
Cells_Texture_Contrast_PM_3_03_256	0.0037941550483268083	0.00021858879558711808	-0.01600072274100283
Cells_Texture_Correlation_ER_3_01_256	0.08512103894486456	-0.001012347312482226	-0.10339362889553184
Cells_Texture_Correlation_ER_3_03_256	0.08764793702733042	-0.0010189440370296828	-0.1051323232208383
Cells_Texture_Correlation_Hoechst_3_00_256	0.002486839723677803	-0.00018359181072759997	0.012592392770623751
Cells_Texture_Correlation_Mitochondria_3_01_256	0.054196318824439316	-0.0005996707888400564	0.07093218594516502
Cells_Texture_Correlation_Mitochondria_3_03_256	0.05161740233808909	-0.0005262508186360094	0.07146568172088788
Cells_Texture_Correlation_PM_3_01_256	0.05449096031253131	-0.0006926318347313659	0.06728043481044761
Cells_Texture_DifferenceEntropy_Hoechst_3_03_256	0.054928562396073244	0.0014699502552666776	0.023833934823597254
Cells_Texture_DifferenceVariance_Hoechst_3_03_256	0.0402245441491752	-0.0012596354434931854	-0.017335355358149666
Cells_Texture_InfoMeas1_ER_3_01_256	0.12504515498201885	0.0020206599010676655	-0.028107768870321813
Cells_Texture_InfoMeas1_ER_3_03_256	0.1300901019868922	0.0020569131078205863	-0.029250914913271434
Cells_Texture_InfoMeas1_Hoechst_3_02_256	0.030638340819192478	0.0010754501020502584	0.0005346054620684028
Cells_Texture_InfoMeas1_Mitochondria_3_00_256	0.1960918767770934	0.0013628290551980422	-0.1254083193195769
Cells_Texture_InfoMeas1_Mitochondria_3_01_256	0.19874605389328914	0.0015634320435959795	-0.11679495041639437
Cells_Texture_InfoMeas1_Mitochondria_3_02_256	0.19656591017425606	0.001477853087191794	-0.12010755512515618
Cells_Texture_InfoMeas1_Mitochondria_3_03_256	0.1958025360349559	0.0015247910803757462	-0.11733934232121604
Cells_Texture_InfoMeas1_PM_3_02_256	0.1969021794753979	0.0012388354335512014	-0.13127869663571376
Cells_Texture_InfoMeas2_Hoechst_3_02_256	0.001145116296279225	5.4255102927181035e-05	0.012842137621921065
Cells_Texture_InverseDifferenceMoment_Hoechst_3_03_256	0.03213088422187704	-0.001060559681611288	0.008492436084501943
Cells_Texture_InverseDifferenceMoment_Mitochondria_3_01_256	0.13566064383838794	-0.001633631751081141	0.07543306292741447
Cells_Texture_SumAverage_Hoechst_3_01_256	0.03333474459800467	0.0009192609471024008	-0.028502905552309044
Cells_Texture_SumEntropy_Hoechst_3_03_256	0.03584957721634985	0.0009453088894558219	-0.03028856326591581
Cells_Texture_SumVariance_ER_3_01_256	0.09816744116967979	-9.273954350912834e-05	-0.11728557768045877
Cells_Texture_SumVariance_Mitochondria_3_01_256	0.0033567403941658913	0.00012674989279508797	0.02179490566663517
Cells_Texture_SumVariance_PM_3_01_256	3.2418122406840943e-05	-2.7544205769019244e-05	-0.0017058841082794184
Cells_Texture_Variance_Hoechst_3_00_256	0.019961862628944504	0.0008199347546911028	-0.009357568378997148
Nuclei_AreaShape_Area	0.08845171054720113	-0.0010399686628854504	-0.10518634944914365
Nuclei_AreaShape_Compactness	0.011113222237620901	0.00022550828847954152	-0.03382213114112978
Nuclei_AreaShape_Extent	0.01138972648882386	-0.00028869966005108156	0.03196015810293617
Nuclei_AreaShape_FormFactor	0.018887825993921026	-0.00023904532129752178	0.04586323452637469
Nuclei_AreaShape_Orientation	0.0005852045411860463	0.0001487984701032058	0.0037559210465849383
Nuclei_AreaShape_Solidity	0.012066904590720018	-0.000425734533885149	0.026512223542295835
Nuclei_AreaShape_Zernike_0_0	0.0030102896838517523	-0.00025288926981722885	0.010527739087777222
Nuclei_AreaShape_Zernike_1_1	0.012922624503071578	0.00023095174657044326	-0.036885089723370366
Nuclei_AreaShape_Zernike_2_0	0.0006795874766345467	0.0001626618615567809	0.0032279345711227615
Nuclei_AreaShape_Zernike_2_2	0.008961088357070546	0.0001735614809876481	0.035842659008847075
Nuclei_AreaShape_Zernike_3_1	0.013728627465870114	0.00024011400311233383	-0.0379490541879416
Nuclei_AreaShape_Zernike_3_3	0.012340981980835775	0.0003746488209933907	-0.02987590751104171
Nuclei_AreaShape_Zernike_4_0	0.0027451314311491837	-0.00032232359390827196	-0.0002811491238273113
Nuclei_AreaShape_Zernike_4_2	0.00287559964325268	-0.00011484330887756145	-0.020193892290036944
Nuclei_AreaShape_Zernike_4_4	0.002571466806254863	0.0003069118124278594	-0.0010287006665170863
Nuclei_AreaShape_Zernike_5_1	0.007789865275698138	0.00023920091315684695	-0.026412878492396572
Nuclei_AreaShape_Zernike_5_3	0.010031811579607641	0.0003129657616291773	-0.02814559792637683
Nuclei_AreaShape_Zernike_5_5	0.017845796169660644	0.0004611521341796264	-0.03538177744199969
Nuclei_AreaShape_Zernike_6_0	0.0020462752454731836	-0.0001762873586694934	0.010859874228940252
Nuclei_AreaShape_Zernike_6_2	0.004706619043796878	0.00012044352390584251	0.02600053677920129
Nuclei_AreaShape_Zernike_6_4	0.015553493315047295	5.945245335729207e-05	0.046896473212123334
Nuclei_AreaShape_Zernike_6_6	0.012764716205656002	0.0003799345790059021	-0.030439663935109936
Nuclei_AreaShape_Zernike_7_1	0.008539607604913013	0.00014933751272329425	-0.03117354365821367
Nuclei_AreaShape_Zernike_7_3	0.010242729953864993	0.0002741240305874381	-0.030293903095877626
Nuclei_AreaShape_Zernike_7_5	0.008208849678056018	0.0003742476198865585	-0.020436714820061198
Nuclei_AreaShape_Zernike_7_7	0.017243305497925965	0.00041713258867433645	-0.036578107494590284
Nuclei_AreaShape_Zernike_8_0	0.0007654387892643832	-0.00014745789105679043	0.0035072632357175688
Nuclei_AreaShape_Zernike_8_2	0.0031457395874028293	-0.00034812630824195316	-0.0013508481172051113
Nuclei_AreaShape_Zernike_8_4	0.0003086595144338178	2.7507677568093628e-06	-0.006478167911274499
Nuclei_AreaShape_Zernike_8_6	0.01139114059182067	0.00026548634532124133	0.0398086747302852
Nuclei_AreaShape_Zernike_8_8	0.020047904511385273	0.00041308195728487196	-0.041121626571709334
Nuclei_AreaShape_Zernike_9_1	0.005025291270311594	0.00020864575197955377	-0.020507230231172062
Nuclei_AreaShape_Zernike_9_3	0.004232837974573189	0.0001794771497687654	-0.01933893006037388
Nuclei_AreaShape_Zernike_9_5	0.008096281792369986	0.0003038602123115893	-0.02417793922870441
Nuclei_AreaShape_Zernike_9_7	0.009075558914455106	0.0004543740481484905	-0.017067949402222626
Nuclei_AreaShape_Zernike_9_9	0.014505115184553663	0.00040156656997322477	-0.032621436162112154
Nuclei_Correlation_Correlation_Hoechst_Mitochondria	0.0886891100280387	-5.6537721031534925e-05	0.10966611632350351
Nuclei_Correlation_Correlation_Hoechst_PM	0.21644874797867686	-0.000811527006354292	0.15518763580314845
Nuclei_Correlation_Correlation_Mitochondria_PM	0.001974098412518388	0.00027901030961032235	0.003983966310969392
Nuclei_Correlation_K_Hoechst_Actin	0.3508783979283443	0.0005195091120375517	-0.21077258901014687
Nuclei_Correlation_K_Hoechst_ER	0.13275122641258696	-0.0007825983390390129	-0.1371872683467141
Nuclei_Correlation_K_Hoechst_Mitochondria	0.012394575744706815	-0.000387721321401053	0.029309447335837437
Nuclei_Correlation_K_Hoechst_PM	0.040120204677695726	-0.0012522871922613932	-0.023453465158978042
Nuclei_Correlation_K_Mitochondria_Hoechst	0.026429067182550336	0.000562640936226088	-0.042982983762920195
Nuclei_Correlation_K_PM_Hoechst	0.0685763113737965	0.0016448175175134904	0.021172411826045217
Nuclei_Correlation_Overlap_Hoechst_Mitochondria	0.06713966224097478	2.156779576157881e-06	0.09613036684796923
Nuclei_Correlation_Overlap_Hoechst_PM	0.048712820807230384	-0.00016104248647050949	0.07920562267811511
Nuclei_Correlation_RWC_Hoechst_Actin	0.04696975230012512	0.00010110130416670169	-0.07884123292320158
Nuclei_Correlation_RWC_Hoechst_ER	0.012488064217918038	-0.0005741742294498168	-0.03132380982257823
Nuclei_Correlation_RWC_Hoechst_Mitochondria	0.012805199804310163	2.1472837447007696e-05	-0.04167082275464831
Nuclei_Correlation_RWC_Hoechst_PM	0.048759003342287555	-0.0001350886992907814	-0.0832691079207021
Nuclei_Correlation_RWC_Mitochondria_Actin	0.016593322738910565	0.00022137949936209435	-0.04306744976790381
Nuclei_Correlation_RWC_Mitochondria_PM	0.015824051143635387	0.000693535626449243	0.03139214546109614
Nuclei_Correlation_RWC_PM_ER	0.00766401653430604	-0.0004462108858175715	0.0131581903791103
Nuclei_Correlation_RWC_PM_Mitochondria	0.015615930581764581	0.0003742302301807381	0.04561840168523912
Nuclei_Granularity_1_Actin	0.015498351482629236	0.000133183511964252	0.047234183488737695
Nuclei_Granularity_1_ER	0.010220165723525354	0.00033757828735923303	-0.027357178068107755
Nuclei_Granularity_1_Hoechst	0.03283632792123481	0.001125642002374968	0.004725139355760276
Nuclei_Granularity_1_Mitochondria	0.08213147244603347	0.00038454101694608117	-0.0988257225550596
Nuclei_Intensity_IntegratedIntensityEdge_Hoechst	0.12116090113313138	0.001125271939821434	-0.0960201353730374
Nuclei_Intensity_IntegratedIntensity_Actin	0.2406917601712626	0.0004845834692357774	-0.17337944182589166
Nuclei_Intensity_IntegratedIntensity_Hoechst	0.04887834736162089	0.00015782004003761843	-0.07940952327368585
Nuclei_Intensity_IntegratedIntensity_Mitochondria	0.009388226196056393	-0.000217071512103399	-0.03640224455047045
Nuclei_Intensity_LowerQuartileIntensity_Hoechst	0.06679543390887588	0.0016225939964315537	0.0240273008155391
Nuclei_Intensity_MADIntensity_Actin	0.3591074092687435	0.001157127804039955	-0.1964118915624337
Nuclei_Intensity_MADIntensity_ER	0.23986544855853797	2.6666279558732973e-05	-0.18129259803572612
Nuclei_Intensity_MADIntensity_Hoechst	0.01745271128464021	0.0001419064025472094	-0.04642623471728886
Nuclei_Intensity_MADIntensity_Mitochondria	0.014907610135051153	0.0003381093182931676	-0.0362386833253728
Nuclei_Intensity_MADIntensity_PM	0.01764035134238351	-7.28174475527506e-05	-0.05002151661622782
Nuclei_Intensity_MassDisplacement_Hoechst	0.021302339805759574	0.000269939969105838	-0.04821403739703433
Nuclei_Intensity_MassDisplacement_Mitochondria	0.042893819980071246	-7.352567357150779e-05	-0.07764980446968676
Nuclei_Intensity_MassDisplacement_PM	0.04402556515919043	-8.022204313244022e-05	-0.07872234109076859
Nuclei_Intensity_MaxIntensity_PM	0.016568628135693153	-0.00015130599415371816	-0.048869272435853005
Nuclei_Intensity_MeanIntensityEdge_Hoechst	0.1277033563304124	0.001982716282172152	-0.036282670663623506
Nuclei_Intensity_MinIntensityEdge_ER	0.08208883188162575	-9.265124487091345e-05	-0.10733078174146168
Nuclei_Intensity_MinIntensity_Mitochondria	0.008095688974714021	6.445285897981108e-05	0.033993524352092096
Nuclei_Intensity_MinIntensity_PM	0.011569820342540837	-0.00036139155685347096	-0.038417252157730536
Nuclei_Intensity_StdIntensityEdge_Actin	0.37175707401488145	0.0010268268500258145	-0.2044740735320905
Nuclei_Intensity_StdIntensityEdge_ER	0.21390773447503864	-0.00010450774909551475	-0.17278807648217984
Nuclei_Intensity_StdIntensityEdge_Hoechst	0.024520779478471644	0.0008039739984460003	-0.022976524534269464
Nuclei_Intensity_StdIntensityEdge_Mitochondria	0.0005033403232198586	0.00013928836444716648	0.0005541311195743729
Nuclei_Intensity_StdIntensityEdge_PM	0.015214197853042566	-0.00010510060553523985	-0.04669466844983813
Nuclei_Intensity_StdIntensity_PM	0.008389633294201726	-9.52919171064338e-05	-0.03474440988517404
Nuclei_Neighbors_FirstClosestDistance_Adjacent	0.0639343143872454	-0.0015850632699742292	-0.014789299177031704
Nuclei_RadialDistribution_FracAtD_Hoechst_1of4	0.032658163240664506	-0.0010538726018996232	0.011160104462756146
Nuclei_RadialDistribution_FracAtD_Hoechst_2of4	0.03611976355919155	-0.001063431619433356	0.018161468354234867
Nuclei_RadialDistribution_FracAtD_Hoechst_3of4	0.006693625808822379	-7.934401084300961e-05	0.028946082038539843
Nuclei_RadialDistribution_FracAtD_Hoechst_4of4	0.029582722580650755	0.0008906203822943096	-0.02449731607245716
Nuclei_RadialDistribution_FracAtD_Mitochondria_1of4	0.08619696012592848	-0.0003748545157181514	0.10173115889705768
Nuclei_RadialDistribution_FracAtD_Mitochondria_2of4	0.11548013316466543	-0.000386718681037689	0.11891046438414489
Nuclei_RadialDistribution_FracAtD_Mitochondria_3of4	0.05635832251428918	-0.0001874835740542976	0.08490631881708362
Nuclei_RadialDistribution_FracAtD_Mitochondria_4of4	0.11971910035140387	0.0003676977294128941	-0.12168660537667486
Nuclei_RadialDistribution_FracAtD_PM_1of4	0.04870227552161366	-0.0006271132141576843	0.06482041604585617
Nuclei_RadialDistribution_FracAtD_PM_2of4	0.0844197741049606	-0.000669430975185634	0.09152478860497493
Nuclei_RadialDistribution_FracAtD_PM_3of4	0.09183562341671447	-0.00025071313786120087	0.10814864295220712
Nuclei_RadialDistribution_FracAtD_PM_4of4	0.11016624833365496	0.0006159487054357625	-0.10957888980429387
Nuclei_RadialDistribution_MeanFrac_Hoechst_1of4	0.026986168316811332	-0.000994054201945734	0.0033756996732307097
Nuclei_RadialDistribution_MeanFrac_Hoechst_2of4	0.026341987793676913	-0.0009931939294774903	0.0006227147394360069
Nuclei_RadialDistribution_MeanFrac_Hoechst_3of4	0.0014601389936244047	-0.00017478634821729573	0.007434304907159969
Nuclei_RadialDistribution_MeanFrac_Mitochondria_1of4	0.09834662867482558	-0.00021823731522435246	0.11275122712992759
Nuclei_RadialDistribution_MeanFrac_Mitochondria_2of4	0.10793616347198065	-0.00023603421439326967	0.11797437864067822
Nuclei_RadialDistribution_MeanFrac_Mitochondria_3of4	0.04233823426757388	-0.0002909574496782303	0.07056363162829195
Nuclei_RadialDistribution_MeanFrac_Mitochondria_4of4	0.11434109954543781	0.0002958512499061761	-0.12033495384032362
Nuclei_RadialDistribution_MeanFrac_PM_1of4	0.06513050327701397	-0.0005522023825839769	0.08166223592206263
Nuclei_RadialDistribution_MeanFrac_PM_2of4	0.08986370316379111	-0.0006097834484854398	0.09724240468209125
Nuclei_RadialDistribution_MeanFrac_PM_3of4	0.09331762548343558	-0.00046136558918625944	0.10396133071483722
Nuclei_RadialDistribution_MeanFrac_PM_4of4	0.12943290735391233	0.0006650057791167983	-0.11885732988767038
Nuclei_RadialDistribution_RadialCV_Actin_1of4	0.028050275939803804	0.00036667568737971273	-0.053442317487544445
Nuclei_RadialDistribution_RadialCV_Actin_2of4	0.06887945829254583	0.00038032018883342195	-0.08975627030485588
Nuclei_RadialDistribution_RadialCV_Actin_3of4	0.09153554083998716	0.00027840014780721215	-0.10737251232568876
Nuclei_RadialDistribution_RadialCV_Actin_4of4	0.10383955125380717	0.00021494596742455927	-0.11603839142273059
Nuclei_RadialDistribution_RadialCV_ER_1of4	0.061929424521871446	0.0007038779442150167	-0.07323562998427076
Nuclei_RadialDistribution_RadialCV_ER_2of4	0.11204147468175474	0.0008231838398070598	-0.10350500001894937
Nuclei_RadialDistribution_RadialCV_ER_3of4	0.13140725256411168	0.0007314848524011771	-0.11778632590987258
Nuclei_RadialDistribution_RadialCV_ER_4of4	0.07475353843656485	0.0002299141181211529	-0.09749553001516618
Nuclei_RadialDistribution_RadialCV_Hoechst_1of4	0.040750309521156214	0.0007320783840914837	-0.0515877944265736
Nuclei_RadialDistribution_RadialCV_Hoechst_2of4	0.0738296940084957	0.0006309604189894942	-0.08541243511952316
Nuclei_RadialDistribution_RadialCV_Hoechst_3of4	0.028718790241462844	0.0003536312009253627	-0.054673763895851143
Nuclei_RadialDistribution_RadialCV_Hoechst_4of4	0.016011679788524025	0.000409107017046468	-0.03490402517941618
Nuclei_RadialDistribution_RadialCV_Mitochondria_1of4	0.047125253791827415	0.0005439842971436044	-0.06673836045198003
Nuclei_RadialDistribution_RadialCV_Mitochondria_2of4	0.06924939521245477	0.0005193005331710259	-0.08588968642480556
Nuclei_RadialDistribution_RadialCV_Mitochondria_3of4	0.052555937271329345	0.0003200015538644574	-0.07872947041626932
Nuclei_RadialDistribution_RadialCV_Mitochondria_4of4	0.017874109854470244	9.366143809196991e-05	-0.04805550589525435
Nuclei_RadialDistribution_RadialCV_PM_1of4	0.033027705009035624	0.0005147690111737469	-0.05345098930725945
Nuclei_RadialDistribution_RadialCV_PM_2of4	0.05206763058099151	0.0004416933349791476	-0.07475444838854689
Nuclei_RadialDistribution_RadialCV_PM_3of4	0.044022001555862666	0.0002699587396299456	-0.07264891909654224
Nuclei_RadialDistribution_RadialCV_PM_4of4	0.021168846985748946	5.360007844368987e-05	-0.05317107588279311
Nuclei_Texture_AngularSecondMoment_ER_3_03_256	0.392035053885856	-0.0003469735114743988	0.22679570953453898
Nuclei_Texture_AngularSecondMoment_Hoechst_3_01_256	0.006202799361017419	-0.0004737466196847191	0.002232922850372276
Nuclei_Texture_AngularSecondMoment_Mitochondria_3_03_256	0.037478795492644656	-0.0008413197255619772	0.04087541802005596
Nuclei_Texture_AngularSecondMoment_PM_3_03_256	0.018369363743096945	0.0001320386420098336	0.05138068308743854
Nuclei_Texture_Contrast_ER_3_00_256	0.06436716996772196	0.0002907358889632261	-0.08872829290228774
Nuclei_Texture_Contrast_Hoechst_3_02_256	0.0059563277025216355	0.00038511998855764667	-0.012364015609863145
Nuclei_Texture_Contrast_Mitochondria_3_03_256	0.00048601571668804855	-6.711792227033966e-05	0.006276981984021827
Nuclei_Texture_Contrast_PM_3_03_256	2.091816218408038e-05	-1.1642548282217732e-06	-0.0017100952009160054
Nuclei_Texture_Correlation_ER_3_00_256	0.22011995812603202	-0.0004992094441909754	-0.17800182639007203
Nuclei_Texture_Correlation_ER_3_01_256	0.167334701088921	-0.0006354534523667975	-0.15528752527440667
Nuclei_Texture_Correlation_ER_3_02_256	0.21879171771328143	-0.0005129196801459634	-0.17750543316849024
Nuclei_Texture_Correlation_ER_3_03_256	0.16685223031164897	-0.0006026192489517585	-0.15511569372294218
Nuclei_Texture_Correlation_Hoechst_3_00_256	0.059561833846461076	-0.0010767005580261683	-0.07846306863879592
Nuclei_Texture_Correlation_Hoechst_3_01_256	0.06461090352617394	-0.0011864951896345703	-0.07854624851924417
Nuclei_Texture_Correlation_Hoechst_3_02_256	0.064597387202739	-0.0011292280949265993	-0.08135026490657847
Nuclei_Texture_Correlation_Hoechst_3_03_256	0.06815479376056632	-0.001250075479059133	-0.07895610275094467
Nuclei_Texture_Correlation_Mitochondria_3_00_256	0.008236895367963792	0.00011304487658142676	-0.0315189662246052
Nuclei_Texture_Correlation_Mitochondria_3_01_256	0.006209749839403367	-0.00010291174278355414	-0.02992947072591372
Nuclei_Texture_Correlation_Mitochondria_3_02_256	0.009317020385284813	4.667403992532185e-05	-0.03508538078323473
Nuclei_Texture_Correlation_Mitochondria_3_03_256	0.0067568019655214195	-7.782472440304792e-05	-0.031153073429692153
Nuclei_Texture_Correlation_PM_3_01_256	0.023821148181489282	-0.0003944985293158248	-0.057431289723792515
Nuclei_Texture_Correlation_PM_3_03_256	0.027074364902648584	-0.0004445309466599393	-0.0608877741207149
Nuclei_Texture_DifferenceEntropy_ER_3_00_256	0.30193219403486093	0.0006720356991991241	-0.1911372601989981
Nuclei_Texture_DifferenceEntropy_Mitochondria_3_02_256	0.03329548808676386	0.0007981093112022569	-0.0381676446243687
Nuclei_Texture_DifferenceEntropy_PM_3_00_256	0.01903048229426585	0.00017486759466235602	-0.04783251022196658
Nuclei_Texture_DifferenceVariance_Hoechst_3_01_256	0.039422184140927574	-0.0012363477097590346	-0.025765890543632326
Nuclei_Texture_DifferenceVariance_Mitochondria_3_01_256	0.02443262660529444	-0.0008471439212122664	0.018260448297653272
Nuclei_Texture_DifferenceVariance_PM_3_03_256	0.013886206498506248	0.00012703119742276439	0.04471277152429346
Nuclei_Texture_InfoMeas1_ER_3_00_256	0.11284961605211397	0.0010432402933740373	0.12189676315083792
Nuclei_Texture_InfoMeas1_ER_3_01_256	0.090505848794879	0.0011005631259834528	0.10504551616893555
Nuclei_Texture_InfoMeas1_ER_3_02_256	0.11449117724513191	0.0010754818726472059	0.12225986791194389
Nuclei_Texture_InfoMeas1_ER_3_03_256	0.08942567503447507	0.0010869157132598949	0.10462201162223142
Nuclei_Texture_InfoMeas1_Hoechst_3_02_256	0.07411145206019876	0.0015761276343439297	0.059696226738871566
Nuclei_Texture_InfoMeas1_Mitochondria_3_00_256	0.004498672965033701	0.000402003231404957	-0.002199678563859246
Nuclei_Texture_InfoMeas1_Mitochondria_3_01_256	0.010125128997025445	0.0006080750790641368	-0.002249984835242267
Nuclei_Texture_InfoMeas1_Mitochondria_3_02_256	0.006254712240914895	0.0004942215876618963	0.0034873819887356566
Nuclei_Texture_InfoMeas1_Mitochondria_3_03_256	0.008864497774472957	0.000580922373159621	0.0010369982624838443
Nuclei_Texture_InfoMeas1_PM_3_00_256	0.016375164391046138	0.0005250232014805309	0.0427796847484037
Nuclei_Texture_InfoMeas1_PM_3_01_256	0.022431054845910126	0.0005956441780668436	0.05075813531295761
Nuclei_Texture_InfoMeas1_PM_3_02_256	0.018726496417752925	0.000594035936732832	0.04442510565680337
Nuclei_Texture_InfoMeas1_PM_3_03_256	0.024743580237847618	0.0006202420453438196	0.05349739063640677
Nuclei_Texture_InverseDifferenceMoment_ER_3_00_256	0.30744698873518395	-0.0006837833534228129	0.19273505895287618
Nuclei_Texture_InverseDifferenceMoment_Mitochondria_3_02_256	0.04826086100713045	-0.0009244358565318471	0.04844007691641159
Nuclei_Texture_InverseDifferenceMoment_PM_3_01_256	0.018087395911902227	-0.00017756058859901916	0.046451921773218
Nuclei_Texture_InverseDifferenceMoment_PM_3_03_256	0.0175364863398082	-0.0001700625429010065	0.045860975947855834
Nuclei_Texture_SumEntropy_ER_3_03_256	0.37374913344505967	0.00012636237703564317	-0.22497345624742934
Nuclei_Texture_SumEntropy_Hoechst_3_00_256	0.010948724584075142	0.00032929399589214927	-0.02929370137367593
Nuclei_Texture_SumEntropy_Mitochondria_3_03_256	0.030291151647187653	0.0006341720151684541	-0.04431276234836811
Nuclei_Texture_SumEntropy_PM_3_01_256	0.029082972203736346	-0.00013436569692087903	-0.06450223497352461
Nuclei_Texture_SumVariance_ER_3_03_256	0.05931729871823799	-0.00011729271212224893	-0.09159355277521523
Nuclei_Texture_SumVariance_Hoechst_3_01_256	0.009134919954022047	0.00018994390535290488	-0.03115145161183584
Nuclei_Texture_SumVariance_Mitochondria_3_03_256	0.001718517484927018	-6.0396721165893186e-05	0.014168653808797886
Nuclei_Texture_SumVariance_PM_3_01_256	0.0002392022456099152	-9.676610666150794e-05	-0.0007559674441548716
